"","x","y","celltypes"
"cell1",265.5086631421,871.805021073669,"C"
"cell2",372.12389963679,967.197048477829,"C"
"cell3",572.853363351896,866.916270926595,"C"
"cell4",908.207789994776,437.715301522985,"C"
"cell5",201.681931037456,191.937792114913,"A"
"cell6",898.389684967697,82.2944045066833,"C"
"cell7",944.675268605351,583.451637532562,"C"
"cell8",660.797792486846,70.3614954836667,"B"
"cell9",629.11404389888,527.662655804306,"D"
"cell10",61.7862704675645,472.288285382092,"C"
"cell11",205.974574899301,48.1913706753403,"C"
"cell12",176.556752528995,594.540807651356,"C"
"cell13",687.022846657783,791.271215071902,"B"
"cell14",384.103718213737,598.868683679029,"C"
"cell15",769.841419998556,27.9159292113036,"B"
"cell16",497.699242085218,395.72663186118,"C"
"cell17",717.618508264422,106.243964517489,"B"
"cell18",991.906094830483,24.1113880183548,"C"
"cell19",380.035179434344,840.897767804563,"B"
"cell20",777.445221319795,326.39992586337,"B"
"cell21",934.705231105909,294.2976471968,"B"
"cell22",212.142521282658,822.897979756817,"A"
"cell23",651.673766085878,414.347424637526,"B"
"cell24",125.555095961317,10.1712229661644,"D"
"cell25",267.220668727532,52.4083885829896,"C"
"cell26",386.114092543721,730.370381381363,"C"
"cell27",13.3903331588954,73.3949469868094,"B"
"cell28",382.387957070023,70.3566265292466,"D"
"cell29",869.69084572047,637.171967187896,"B"
"cell30",340.34899668768,413.30587095581,"D"
"cell31",482.080115471035,430.717830779031,"B"
"cell32",599.565825425088,80.2463705185801,"C"
"cell33",493.541307048872,277.116678655148,"B"
"cell34",186.217601411045,794.071018928662,"C"
"cell35",827.373318606988,91.0974657163024,"C"
"cell36",668.466738192365,276.682177558541,"C"
"cell37",794.23986072652,136.255458230153,"B"
"cell38",107.943625887856,663.4760950692,"C"
"cell39",723.710946040228,979.130022460595,"B"
"cell40",411.274429643527,211.811334360391,"A"
"cell41",820.946294115856,372.02698434703,"A"
"cell42",647.060193819925,118.364716647193,"B"
"cell43",782.93276228942,780.536147300154,"C"
"cell44",553.036311641335,65.5782136600465,"A"
"cell45",529.719580197707,783.775092335418,"B"
"cell46",789.356231689453,123.852211982012,"C"
"cell47",23.331202333793,777.341672452167,"C"
"cell48",477.230065036565,361.34907277301,"B"
"cell49",732.3137386702,615.930010797456,"B"
"cell50",692.731556482613,917.042729211971,"C"
"cell51",477.619622135535,105.220099911094,"A"
"cell52",861.2094768323,715.545793995261,"C"
"cell53",438.097107224166,156.366555485874,"D"
"cell54",244.797277031466,261.575721204281,"C"
"cell55",70.6790471449494,773.791367653757,"C"
"cell56",99.4661601725966,594.759070547298,"A"
"cell57",316.27170718275,95.3767166938633,"D"
"cell58",518.634263193235,158.467933768407,"A"
"cell59",662.0050764177,701.090714894235,"B"
"cell60",406.830187188461,269.182726275176,"B"
"cell61",912.875924259424,296.830063685775,"B"
"cell62",293.603372760117,562.665292294696,"A"
"cell63",459.065726259723,345.176512375474,"D"
"cell64",332.394674187526,996.363310841843,"B"
"cell65",650.87046707049,214.889628114179,"C"
"cell66",258.016780717298,590.747197624296,"A"
"cell67",478.545248275623,408.99104741402,"C"
"cell68",766.310670645908,539.928927551955,"C"
"cell69",84.2469143681228,809.806877514347,"B"
"cell70",875.321330036968,10.6531432829797,"C"
"cell71",339.072937844321,674.989556195214,"C"
"cell72",839.440350187942,880.181554006413,"C"
"cell73",346.68348915875,408.088765805587,"B"
"cell74",333.774930797517,894.052134593949,"C"
"cell75",476.351245073602,807.851313846186,"C"
"cell76",892.198335845023,52.2684226743877,"C"
"cell77",864.339470630512,951.139469398186,"B"
"cell78",389.989543473348,498.940351651981,"C"
"cell79",777.320698834956,497.459183679894,"C"
"cell80",960.617997217923,201.222010422498,"C"
"cell81",434.659484773874,680.997319286689,"B"
"cell82",712.514678714797,547.304183710366,"C"
"cell83",399.994368897751,609.57774030976,"A"
"cell84",325.352151878178,308.182996464893,"B"
"cell85",757.087148027495,164.061164716259,"C"
"cell86",202.692255144939,847.399726277217,"B"
"cell87",711.121222469956,177.070725010708,"B"
"cell88",121.691921027377,586.210725829005,"A"
"cell89",245.488513959572,972.556549590081,"B"
"cell90",143.30437942408,534.099313896149,"C"
"cell91",239.629415096715,810.91625452973,"B"
"cell92",58.9343772735447,650.906511116773,"A"
"cell93",642.288258532062,770.98110713996,"B"
"cell94",876.269212691113,34.5583152957261,"C"
"cell95",778.914677444845,558.660281123593,"C"
"cell96",797.30882588774,120.087367016822,"C"
"cell97",455.274453619495,686.299628112465,"B"
"cell98",410.084082046524,914.125661132857,"C"
"cell99",810.870242770761,560.349760344252,"A"
"cell100",604.933290276676,575.576044851914,"C"
"cell101",654.723928077146,516.75015501678,"C"
"cell102",353.197271935642,658.048582263291,"B"
"cell103",270.260145887733,588.396580191329,"C"
"cell104",992.68406117335,79.9245799425989,"B"
"cell105",633.493264438584,156.136253383011,"B"
"cell106",213.208135217428,985.081367427483,"C"
"cell107",129.372348077595,991.829797392711,"C"
"cell108",478.118034312502,294.7561906185,"B"
"cell109",924.074469832703,788.712464505807,"B"
"cell110",598.76096714288,686.831065220758,"B"
"cell111",976.170694921166,400.826663477346,"B"
"cell112",731.792511884123,396.841136040166,"B"
"cell113",356.726912083104,887.413940625265,"A"
"cell114",431.473690550774,822.07809551619,"B"
"cell115",148.211560677737,265.2450397145,"B"
"cell116",13.0775754805654,181.170874042436,"B"
"cell117",715.566066093743,956.474067410454,"C"
"cell118",103.184235747904,837.399842217565,"D"
"cell119",446.284348610789,346.652631880715,"B"
"cell120",640.101045137271,842.0864418149,"C"
"cell121",991.838620044291,10.1301828399301,"B"
"cell122",495.593577856198,214.54192395322,"A"
"cell123",484.349524369463,913.734979229048,"C"
"cell124",173.442334868014,48.6553451046348,"D"
"cell125",754.820944508538,871.23094429262,"B"
"cell126",453.895489219576,655.78800602816,"B"
"cell127",511.169783771038,219.371878309175,"A"
"cell128",207.545113284141,9.43714333698153,"A"
"cell129",228.658142732456,79.2144953738898,"A"
"cell130",595.711996313184,767.450851621106,"B"
"cell131",574.87219828181,33.2878560293466,"C"
"cell132",77.0643802825361,774.952064268291,"B"
"cell133",35.5405795853585,393.959630047902,"B"
"cell134",642.795492196456,784.817258594558,"C"
"cell135",928.615199634805,33.3322957158089,"B"
"cell136",598.092422354966,366.151578025892,"D"
"cell137",560.900748008862,207.688439870253,"C"
"cell138",526.027723914012,965.912537649274,"C"
"cell139",985.095223877579,564.966007368639,"C"
"cell140",507.641822332516,441.115951864049,"B"
"cell141",682.788078673184,803.868116578087,"B"
"cell142",601.541217649356,165.633277501911,"C"
"cell143",238.868677755818,206.11856225878,"C"
"cell144",258.165926672518,348.586677573621,"A"
"cell145",729.309623362496,450.814907671884,"C"
"cell146",452.570831403136,103.176732780412,"A"
"cell147",175.126768415794,600.618461845443,"C"
"cell148",746.698269620538,100.577907869592,"B"
"cell149",104.987640399486,957.186109153554,"B"
"cell150",864.544949028641,580.974439391866,"B"
"cell151",614.644971676171,168.894380098209,"B"
"cell152",557.159538846463,518.571133259684,"C"
"cell153",328.777319053188,54.3228397145867,"D"
"cell154",453.131445450708,181.874627713114,"C"
"cell155",500.440972624347,32.4744703248143,"C"
"cell156",180.866361130029,413.448404753581,"D"
"cell157",529.630602803081,710.804731585085,"C"
"cell158",75.2757457084954,438.29421675764,"B"
"cell159",277.755932649598,476.030350895599,"A"
"cell160",212.699519237503,379.704721504822,"C"
"cell161",284.790480975062,779.968342510983,"B"
"cell162",895.094102947041,961.577203124762,"C"
"cell163",446.2353233248,443.998414091766,"C"
"cell164",779.984889784828,276.576519012451,"B"
"cell165",880.619034869596,652.874941704795,"C"
"cell166",413.124209502712,754.724035272375,"C"
"cell167",63.8084805104882,588.706381851807,"C"
"cell168",335.487491684034,366.89807055518,"B"
"cell169",723.725946620107,509.391026105732,"B"
"cell170",337.615333497524,144.229113589972,"A"
"cell171",630.414122482762,266.654535662383,"C"
"cell172",840.614554006606,173.820912605152,"C"
"cell173",856.131664710119,896.527295233682,"B"
"cell174",391.35928102769,562.343132682145,"A"
"cell175",380.493885604665,342.454317957163,"B"
"cell176",895.445425994694,283.729680348188,"B"
"cell177",644.315762910992,747.538483235985,"B"
"cell178",741.078648716211,562.850194750354,"C"
"cell179",605.303446529433,565.385995432734,"C"
"cell180",903.081611497328,633.331828983501,"C"
"cell181",293.730155099183,962.586591951549,"B"
"cell182",191.26010988839,768.941204063594,"B"
"cell183",886.450943304226,761.524176690727,"B"
"cell184",503.339485730976,152.72214752622,"C"
"cell185",877.057543024421,367.797967977822,"B"
"cell186",189.193622441962,913.615794153884,"B"
"cell187",758.103052387014,496.350146830082,"C"
"cell188",724.498892668635,27.7347269002348,"C"
"cell189",943.724818294868,450.139385415241,"C"
"cell190",547.646587016061,27.1877180784941,"B"
"cell191",711.743867723271,18.2709295768291,"C"
"cell192",388.905099825934,871.962478850037,"C"
"cell193",100.873126182705,955.188889289275,"B"
"cell194",927.302088588476,892.738419119269,"C"
"cell195",283.232500310987,856.308729154989,"C"
"cell196",590.57315881364,123.533075442538,"C"
"cell197",110.360604943708,221.65473876521,"D"
"cell198",840.507032116875,690.272177569568,"C"
"cell199",317.963684443384,648.772125830874,"C"
"cell200",782.851336989552,91.4451922290027,"C"
"cell201",267.508207354695,595.569584751502,"A"
"cell202",218.645284883678,944.378237938508,"C"
"cell203",516.796836396679,128.65765299648,"C"
"cell204",268.950592027977,524.701888905838,"C"
"cell205",181.168327340856,931.875708047301,"C"
"cell206",518.576137488708,441.982066258788,"D"
"cell207",562.782935798168,401.971613289788,"C"
"cell208",129.156854469329,365.522500360385,"C"
"cell209",256.367604015395,572.829977376387,"A"
"cell210",717.935275984928,106.167400954291,"B"
"cell211",961.409936426207,657.213832018897,"C"
"cell212",100.140846567228,800.479157827795,"C"
"cell213",763.222689507529,160.081139067188,"C"
"cell214",947.966354666278,499.149806331843,"C"
"cell215",818.634688388556,138.865772867575,"C"
"cell216",308.292330708355,688.598210224882,"C"
"cell217",649.579460499808,480.641926405951,"A"
"cell218",953.355451114476,207.81287481077,"C"
"cell219",953.732650028542,717.721335589886,"B"
"cell220",339.979203417897,333.421071292832,"D"
"cell221",262.474110117182,529.427384026349,"D"
"cell222",165.453933179379,593.498748727143,"A"
"cell223",322.168056620285,759.88901196979,"C"
"cell224",510.125206550583,39.695909479633,"C"
"cell225",923.968471353874,631.179952295497,"B"
"cell226",510.959698352963,170.349805383012,"D"
"cell227",257.621260825545,707.256585825235,"C"
"cell228",46.4608869515359,264.722274616361,"B"
"cell229",417.85625834018,80.3224456030875,"A"
"cell230",854.001502273604,713.207269553095,"C"
"cell231",347.230677725747,750.814122147858,"B"
"cell232",131.442320533097,170.225525507703,"A"
"cell233",374.486864544451,214.822159614414,"A"
"cell234",631.420228397474,136.855290038511,"B"
"cell235",390.078933676705,320.704787038267,"B"
"cell236",689.627848798409,659.653313225135,"C"
"cell237",689.413412474096,458.246603375301,"B"
"cell238",554.900623159483,221.783839398995,"D"
"cell239",429.624407785013,49.6916156262159,"C"
"cell240",452.720062807202,842.967495322227,"C"
"cell241",306.443258887157,460.355976829305,"C"
"cell242",578.353944001719,44.669063994661,"B"
"cell243",910.370304249227,330.020109890029,"C"
"cell244",142.604082124308,350.482023321092,"C"
"cell245",415.047625312582,236.220998689532,"B"
"cell246",210.925750667229,209.322826238349,"C"
"cell247",428.750370861962,289.584968937561,"B"
"cell248",132.689975202084,299.830043222755,"B"
"cell249",460.096445865929,893.524003913626,"D"
"cell250",942.957059247419,762.660629115999,"B"
"cell251",761.973861604929,104.02936860919,"C"
"cell252",932.909828843549,758.669548435137,"B"
"cell253",470.678497571498,414.733785670251,"C"
"cell254",603.588067693636,221.03567654267,"A"
"cell255",484.989680582657,6.71869982033968,"C"
"cell256",108.80631650798,30.2505425643176,"C"
"cell257",247.726832982153,250.101836863905,"D"
"cell258",498.514530714601,220.494979294017,"C"
"cell259",372.866708086804,308.080991730094,"C"
"cell260",934.691370232031,908.89258380048,"B"
"cell261",523.986077867448,938.50277364254,"C"
"cell262",317.144671687856,491.904604947194,"A"
"cell263",277.966029476374,168.020266341045,"C"
"cell264",787.540507735685,188.894553110003,"B"
"cell265",702.462512534112,191.555221565068,"C"
"cell266",165.027638664469,503.481938038021,"A"
"cell267",64.4575387705117,81.1121538281441,"D"
"cell268",754.705621628091,794.696550583467,"A"
"cell269",620.410033036023,571.347230114043,"C"
"cell270",169.576766667888,968.929607188329,"A"
"cell271",62.2140523046255,875.76876883395,"A"
"cell272",109.029268613085,705.853160005063,"A"
"cell273",381.716351723298,115.354677662253,"A"
"cell274",169.310914585367,160.992347402498,"C"
"cell275",298.652542056516,335.154334548861,"D"
"cell276",192.209535045549,988.609185442328,"A"
"cell277",257.170021301135,914.078942500055,"C"
"cell278",181.231822818518,535.097180167213,"A"
"cell279",477.313709678128,246.893692528829,"D"
"cell280",770.737042883411,922.346818028018,"B"
"cell281",27.7871224097908,753.48961702548,"B"
"cell282",527.310776989907,903.507313458249,"B"
"cell283",880.319068906829,651.548156049103,"C"
"cell284",373.063371982425,20.77916264534,"A"
"cell285",47.959131654352,95.8790276199579,"B"
"cell286",138.628246728331,949.586964212358,"C"
"cell287",321.492120390758,888.176588574424,"B"
"cell288",154.831611318514,456.23399131,"C"
"cell289",132.228172151372,786.743860924616,"C"
"cell290",221.305927727371,201.026756782085,"A"
"cell291",226.380796171725,312.703200615942,"B"
"cell292",131.41653384082,529.761809390038,"D"
"cell293",981.563460314646,182.999437209219,"C"
"cell294",327.013726811856,532.405641162768,"A"
"cell295",506.939497077838,348.113585729152,"C"
"cell296",681.44251476042,510.24816185236,"A"
"cell297",99.1691031958908,792.195686371997,"D"
"cell298",118.902558228001,441.210551187396,"B"
"cell299",50.4396595060825,286.292243981734,"B"
"cell300",929.253919748589,933.560322737321,"B"
"cell301",673.712232848629,30.4510646965355,"C"
"cell302",94.8578554671258,848.985600750893,"C"
"cell303",492.596120806411,443.182719638571,"B"
"cell304",461.551840649918,632.075233384967,"A"
"cell305",375.216530868784,779.914357000962,"B"
"cell306",991.099219536409,280.473912833259,"B"
"cell307",176.350713707507,123.204056639224,"C"
"cell308",813.435208518058,893.433186924085,"A"
"cell309",68.4466371312737,405.973301967606,"B"
"cell310",400.44974675402,755.108230514452,"C"
"cell311",141.144325723872,110.817262437195,"A"
"cell312",193.309862399474,338.309313636273,"B"
"cell313",841.351716779172,546.49319103919,"B"
"cell314",719.913988374174,312.132046790794,"A"
"cell315",267.212083097547,447.294557001442,"B"
"cell316",495.001644827425,404.281071387231,"B"
"cell317",83.1138978246599,486.564260907471,"C"
"cell318",353.884240612388,439.168035285547,"C"
"cell319",969.208805356175,266.86362712644,"C"
"cell320",624.714189674705,651.877836557105,"A"
"cell321",664.618249749765,239.049473078921,"C"
"cell322",312.489656498656,813.315622741356,"B"
"cell323",405.689612729475,808.244503336027,"C"
"cell324",996.077371528372,589.044747874141,"A"
"cell325",855.082356370986,541.866859653965,"B"
"cell326",953.548396006227,46.5476112440228,"B"
"cell327",812.305092345923,425.855690613389,"B"
"cell328",782.182115828618,640.639821300283,"A"
"cell329",267.878128914163,0.656347954645753,"A"
"cell330",762.151529546827,866.388360504061,"B"
"cell331",986.311589134857,101.045170566067,"C"
"cell332",293.605549028143,95.7397413440049,"A"
"cell333",399.351106956601,777.240371098742,"C"
"cell334",812.131523853168,29.5114114414901,"B"
"cell335",77.1516691893339,342.071880353615,"C"
"cell336",363.696809858084,786.315873963758,"C"
"cell337",442.592467181385,113.462525652722,"D"
"cell338",156.714132521302,350.252757081762,"C"
"cell339",582.205270184204,330.213881796226,"A"
"cell340",970.162178855389,696.676669642329,"B"
"cell341",989.49983343482,353.614302352071,"B"
"cell342",176.452036481351,406.17906791158,"B"
"cell343",542.130424408242,308.029898675159,"B"
"cell344",384.303892031312,959.202934522182,"C"
"cell345",676.164050819352,690.268852747977,"C"
"cell346",269.29377974011,885.739511344582,"C"
"cell347",469.250942347571,935.855139512569,"B"
"cell348",171.800082316622,744.079901603982,"C"
"cell349",369.18946239166,838.446156820282,"B"
"cell350",725.405272562057,799.356783507392,"C"
"cell351",486.149104312062,893.640292342752,"B"
"cell352",63.8024667277932,831.137002911419,"B"
"cell353",784.546229988337,370.750101283193,"C"
"cell354",418.321635806933,871.979765826836,"B"
"cell355",981.018084799871,800.7615969982,"B"
"cell356",282.883955864236,177.284543635324,"A"
"cell357",847.882149508223,163.277692859992,"C"
"cell358",82.2392308618873,944.489105371758,"B"
"cell359",886.458750581369,444.637601496652,"B"
"cell360",471.930730855092,78.3925901632756,"C"
"cell361",109.100963454694,985.571624245495,"B"
"cell362",333.277984522283,15.8382183872163,"C"
"cell363",837.416569236666,494.882507016882,"B"
"cell364",276.849841699004,426.626244327053,"D"
"cell365",587.035141419619,380.065433681011,"C"
"cell366",836.732269730419,736.944383243099,"C"
"cell367",71.1540239863098,279.538352275267,"C"
"cell368",702.778743347153,656.283871969208,"C"
"cell369",698.82453721948,779.726102715358,"B"
"cell370",463.96238100715,722.052505705506,"C"
"cell371",436.931110452861,982.406044378877,"C"
"cell372",562.176787760109,543.322717072442,"D"
"cell373",928.483226336539,659.887838643044,"D"
"cell374",230.466414242983,275.039361324161,"D"
"cell375",221.813754411414,396.944124717265,"A"
"cell376",420.215893303975,559.18457871303,"B"
"cell377",333.520805696025,980.950295459479,"B"
"cell378",864.807550329715,964.966776082292,"B"
"cell379",177.194535732269,218.039868399501,"D"
"cell380",493.31872863695,393.170869676396,"C"
"cell381",429.713366786018,871.084483806044,"B"
"cell382",564.263842999935,691.5888634976,"B"
"cell383",656.162315513939,336.751536931843,"B"
"cell384",978.55406277813,690.481673926115,"B"
"cell385",232.161148451269,153.450242243707,"C"
"cell386",240.811596158892,890.398807590827,"B"
"cell387",796.836083987728,888.446028809994,"A"
"cell388",831.671715015545,138.003347441554,"C"
"cell389",113.507706439123,35.9492159914225,"A"
"cell390",963.312016334385,355.017149820924,"B"
"cell391",147.322899661958,378.946078242734,"C"
"cell392",143.626942764968,614.776698173955,"A"
"cell393",925.229935208336,506.189440609887,"B"
"cell394",507.035602582619,337.955133058131,"B"
"cell395",154.85101705417,329.129653051496,"C"
"cell396",348.302052123472,573.297038441524,"A"
"cell397",659.821025794372,50.710043637082,"B"
"cell398",311.772374436259,400.96298744902,"B"
"cell399",351.573409279808,260.631043696776,"C"
"cell400",147.845706902444,168.699683854356,"C"
"cell401",658.877609064803,59.7310056909919,"C"
"cell402",185.069964500144,52.5821361225098,"C"
"cell403",954.378136899322,972.770247841254,"B"
"cell404",897.848492022604,794.607590185478,"C"
"cell405",943.697054404765,31.6677016671747,"C"
"cell406",723.69075124152,543.284805025905,"C"
"cell407",370.357065927237,17.5970334094018,"A"
"cell408",781.017540255561,776.669898070395,"B"
"cell409",11.149508645758,757.301493315026,"C"
"cell410",940.308712190017,10.5481466744095,"C"
"cell411",993.749226210639,817.91408197023,"C"
"cell412",357.4057451915,856.345876585692,"B"
"cell413",747.635063482448,422.30969760567,"B"
"cell414",792.909023817629,634.29570524022,"C"
"cell415",705.859006382525,418.075025547296,"C"
"cell416",475.825038738549,324.664350133389,"B"
"cell417",494.654526002705,765.787225915119,"D"
"cell418",308.052448788658,704.655513167381,"A"
"cell419",695.012246258557,919.051357079297,"B"
"cell420",822.793305618688,610.136551316828,"C"
"cell421",434.717640746385,55.8548604603857,"A"
"cell422",514.732652809471,736.152135068551,"C"
"cell423",663.010967662558,903.967918362468,"B"
"cell424",143.166586523876,701.814879896119,"C"
"cell425",344.487393740565,577.69950828515,"A"
"cell426",405.763582326472,565.839251037687,"C"
"cell427",85.3110058233142,367.175505962223,"C"
"cell428",932.571928249672,556.92170956172,"C"
"cell429",838.384066708386,897.090169833973,"C"
"cell430",879.433296155185,272.230607224628,"B"
"cell431",935.712467646226,826.333165401593,"C"
"cell432",72.4606334697455,675.995662575588,"C"
"cell433",378.759440500289,899.366909172386,"C"
"cell434",537.864922778681,296.659813495353,"A"
"cell435",105.050138663501,385.464416816831,"B"
"cell436",801.687705563381,905.349676962942,"B"
"cell437",739.641745807603,781.176410615444,"B"
"cell438",52.149013383314,542.550917714834,"D"
"cell439",482.169573195279,616.280185990036,"B"
"cell440",920.51784065552,925.736116012558,"C"
"cell441",41.5284289047122,302.508435444906,"B"
"cell442",293.991799000651,363.235213793814,"A"
"cell443",500.850487267599,960.560950217769,"C"
"cell444",609.748935094103,419.576285406947,"B"
"cell445",264.249049592763,564.239503117278,"C"
"cell446",423.098609549925,800.476333126426,"C"
"cell447",366.563616320491,478.194958763197,"C"
"cell448",942.505322396755,871.663532685488,"B"
"cell449",123.723565135151,701.587424613535,"C"
"cell450",70.0326792430133,128.366638207808,"C"
"cell451",964.317037956789,651.633564848453,"B"
"cell452",442.510108230636,799.508373253047,"B"
"cell453",370.272380299866,240.165151190013,"B"
"cell454",170.243580127135,863.995332969353,"C"
"cell455",54.1904293932021,478.79485716112,"B"
"cell456",657.828069292009,329.74161580205,"A"
"cell457",578.161916695535,995.425615925342,"B"
"cell458",987.101763952523,759.542214451358,"B"
"cell459",603.792401496321,471.064956625924,"A"
"cell460",64.9499187711626,257.584369974211,"B"
"cell461",162.10908186622,383.511227555573,"B"
"cell462",475.397920468822,297.953611938283,"A"
"cell463",1.93283474072814,768.626284319907,"C"
"cell464",441.459143068641,429.740472929552,"B"
"cell465",260.929737240076,655.966898193583,"A"
"cell466",938.413745490834,242.656880989671,"B"
"cell467",715.833283727989,295.184599701315,"B"
"cell468",163.085478357971,929.919361835346,"C"
"cell469",476.188018452376,139.465735759586,"C"
"cell470",690.256722969934,482.361179543659,"B"
"cell471",460.895179538056,801.7257086467,"B"
"cell472",955.14673832804,335.298122605309,"B"
"cell473",712.540122447535,547.300927806646,"C"
"cell474",397.147933254018,50.6137637421489,"A"
"cell475",117.720612091944,685.184835223481,"C"
"cell476",240.11627305299,526.016568532214,"A"
"cell477",863.630566513166,385.4014640674,"C"
"cell478",435.976401669905,218.07816834189,"A"
"cell479",497.868051985279,49.2560362908989,"C"
"cell480",691.927672130987,338.603851385415,"C"
"cell481",760.313281789422,527.54284045659,"B"
"cell482",155.401222640648,360.099533572793,"C"
"cell483",849.457093048841,991.589037002996,"B"
"cell484",946.817819029093,46.35811294429,"B"
"cell485",588.419190375134,71.9018939416856,"B"
"cell486",502.250815276057,676.367230480537,"C"
"cell487",189.779917709529,162.359612528235,"A"
"cell488",1.83685822412372,580.373792676255,"B"
"cell489",877.578062238172,90.7658538781106,"B"
"cell490",134.111337829381,656.09916113317,"C"
"cell491",22.7412241511047,357.506583211944,"D"
"cell492",939.136706059799,234.025480225682,"B"
"cell493",292.948722839355,916.430335957557,"B"
"cell494",164.326574420556,30.5550002958626,"B"
"cell495",399.102555820718,439.074041554704,"B"
"cell496",459.575412096456,973.690321203321,"C"
"cell497",434.030848555267,399.140807567164,"C"
"cell498",517.009826377034,919.769865693524,"B"
"cell499",846.245752647519,98.7638756632805,"B"
"cell500",55.1642864011228,320.667010033503,"B"
"cell501",554.177061188966,526.019062381238,"A"
"cell502",688.275237567723,73.3354249969125,"C"
"cell503",658.057553693652,849.741751793772,"B"
"cell504",663.342725252733,423.058009007946,"B"
"cell505",472.234202548862,988.096073037013,"C"
"cell506",969.528166111559,478.874128777534,"C"
"cell507",402.197062736377,905.694005545229,"D"
"cell508",849.552103783935,18.5059309005737,"C"
"cell509",756.644907407463,192.143822088838,"C"
"cell510",532.601219369099,384.307020576671,"B"
"cell511",874.149660812691,307.436424074695,"B"
"cell512",467.115115607157,528.291253373027,"C"
"cell513",8.12845537438989,728.22568169795,"B"
"cell514",727.76700463146,953.556534368545,"B"
"cell515",716.589478775859,495.994127122685,"A"
"cell516",187.426371034235,132.017247145995,"D"
"cell517",646.067276829854,608.468755614012,"A"
"cell518",541.979279834777,991.868579527363,"C"
"cell519",335.320759797469,94.7096680756658,"A"
"cell520",637.908723205328,895.283457124606,"C"
"cell521",829.201063839719,334.860897623003,"B"
"cell522",708.975198445842,472.178465919569,"C"
"cell523",348.550350870937,177.117969840765,"C"
"cell524",128.327874932438,351.655028294772,"B"
"cell525",388.07848887518,176.559115527198,"A"
"cell526",928.17754833959,653.045778162777,"B"
"cell527",804.390771314502,236.101077171043,"C"
"cell528",758.696807082742,897.164004389197,"C"
"cell529",957.249888917431,339.147608028725,"C"
"cell530",993.913878686726,923.79611171782,"B"
"cell531",606.440994655713,497.738852631301,"C"
"cell532",29.3771654833108,569.84137953259,"B"
"cell533",336.445357883349,736.779738916084,"A"
"cell534",277.658086735755,214.827520074323,"A"
"cell535",117.197550134733,305.312757613137,"C"
"cell536",43.2182590011507,863.499861210585,"B"
"cell537",370.309785706922,195.720054209232,"A"
"cell538",336.87830879353,850.945501588285,"C"
"cell539",173.652553465217,946.970957797021,"C"
"cell540",621.77327950485,274.561112048104,"C"
"cell541",397.843627491966,839.856049511582,"D"
"cell542",955.675768665969,143.855765694752,"C"
"cell543",653.349443105981,757.050371263176,"B"
"cell544",328.743716701865,446.126565570012,"C"
"cell545",197.146713500842,955.431776354089,"C"
"cell546",115.342324832454,635.325060458854,"C"
"cell547",995.965478708968,164.100986905396,"C"
"cell548",379.276725230739,406.969435280189,"B"
"cell549",561.988092726097,979.760026792064,"B"
"cell550",732.718017650768,146.939058788121,"C"
"cell551",870.805552927777,889.985184883699,"C"
"cell552",572.170259663835,196.703487541527,"C"
"cell553",11.0360709950328,620.587071869522,"B"
"cell554",906.315261265263,792.540993075818,"B"
"cell555",770.653631538153,733.79553668201,"C"
"cell556",382.504623383284,751.720339525491,"B"
"cell557",94.0458888653666,524.456359213218,"B"
"cell558",49.6535839047283,629.951623501256,"C"
"cell559",821.162318112329,455.877244705334,"C"
"cell560",829.324304359034,254.004830028862,"B"
"cell561",654.732875758782,57.4859934858978,"C"
"cell562",132.827813038602,435.303197940812,"B"
"cell563",341.80990117602,771.134980488569,"C"
"cell564",731.371578993276,129.155446076766,"B"
"cell565",907.291416078806,983.916262863204,"C"
"cell566",696.196999400854,814.176932908595,"C"
"cell567",241.579222260043,981.680901022628,"A"
"cell568",644.107228610665,36.3396902102977,"B"
"cell569",280.750213656574,567.414059303701,"C"
"cell570",957.636520732194,401.718270266429,"B"
"cell571",158.395956736058,457.046317867935,"C"
"cell572",418.338991701603,403.324390063062,"B"
"cell573",252.009797375649,572.20648182556,"A"
"cell574",94.3902677390724,260.250953026116,"B"
"cell575",827.717769658193,874.087562551722,"C"
"cell576",525.305503746495,993.087251903489,"B"
"cell577",667.747627478093,930.202217539772,"B"
"cell578",408.277759794146,986.528045032173,"C"
"cell579",842.589903390035,658.342666225508,"C"
"cell580",737.305467948318,302.385349525139,"C"
"cell581",348.224401008338,867.420181864873,"D"
"cell582",948.938177432865,671.259561087936,"B"
"cell583",646.679189987481,489.199620904401,"A"
"cell584",35.27776687406,628.5839099437,"C"
"cell585",596.448455704376,690.660070860758,"C"
"cell586",415.318001527339,672.291485359892,"C"
"cell587",76.8970381468534,882.117749424651,"C"
"cell588",528.04887923412,687.738198088482,"C"
"cell589",962.333308532834,999.863459262997,"B"
"cell590",708.740051137283,250.53632655181,"A"
"cell591",553.475703578442,478.466552915052,"A"
"cell592",242.956608999521,15.1006982196122,"D"
"cell593",778.042529011145,252.019782550633,"C"
"cell594",651.940943440422,326.658140635118,"B"
"cell595",830.245703924447,672.132012201473,"B"
"cell596",648.550947429612,748.441303847358,"B"
"cell597",479.835794307292,342.435503611341,"B"
"cell598",495.064105605707,280.259827850387,"A"
"cell599",379.872591467574,737.378113903105,"C"
"cell600",450.485437177122,626.96939567104,"C"
"cell601",814.251750474796,633.54170625098,"B"
"cell602",928.777225781232,215.981491142884,"C"
"cell603",147.481045220047,905.941029312089,"C"
"cell604",749.821664998308,586.245939601213,"A"
"cell605",975.657349685207,168.583858758211,"B"
"cell606",974.792463472113,683.197691803798,"C"
"cell607",350.625570164993,113.990662852302,"D"
"cell608",393.949056975543,527.885041665286,"C"
"cell609",950.951009057462,941.509603289887,"C"
"cell610",106.648319633678,148.946444038302,"A"
"cell611",934.760116506368,589.121523778886,"A"
"cell612",346.162099856883,878.276449628174,"C"
"cell613",533.06060587056,178.157206624746,"C"
"cell614",538.794299354777,470.83354764618,"A"
"cell615",714.717949740589,141.462349332869,"C"
"cell616",405.790500110015,99.3826135527343,"C"
"cell617",152.788141276687,290.351454168558,"C"
"cell618",340.232761343941,245.475998381153,"C"
"cell619",626.65484752506,722.559324000031,"B"
"cell620",57.3726783040911,536.27455397509,"B"
"cell621",851.667639799416,299.001172650605,"C"
"cell622",212.645345833153,199.700410012156,"D"
"cell623",539.462027838454,910.177063662559,"C"
"cell624",136.487586190924,32.9712047241628,"B"
"cell625",324.865140486509,596.324425190687,"C"
"cell626",621.076293755323,150.90500889346,"B"
"cell627",255.982248578221,577.648263191804,"C"
"cell628",634.875798830763,454.476653132588,"B"
"cell629",485.672106966376,493.808774044737,"C"
"cell630",938.176916679367,526.207120390609,"B"
"cell631",857.501537073404,383.012889884412,"C"
"cell632",370.883537689224,928.897896083072,"B"
"cell633",314.201829954982,433.417851105332,"B"
"cell634",828.534359810874,244.762477930635,"B"
"cell635",451.841513160616,876.257271505892,"C"
"cell636",315.878412220627,182.659917743877,"A"
"cell637",97.8085375390947,90.3237543534487,"C"
"cell638",64.9005365557969,239.15986972861,"D"
"cell639",689.457366475835,861.430489923805,"C"
"cell640",668.050603941083,832.555507542565,"C"
"cell641",904.54664779827,362.912645563483,"C"
"cell642",301.693270448595,187.907135579735,"A"
"cell643",932.808704674244,768.745967419818,"B"
"cell644",201.983017381281,440.788447391242,"A"
"cell645",792.378755984828,476.709238486364,"B"
"cell646",224.630508804694,980.656960047781,"A"
"cell647",30.7565710972995,89.1814369242638,"B"
"cell648",862.034041201696,97.3854917101562,"B"
"cell649",685.107505181804,635.668759932742,"B"
"cell650",942.074909573421,198.53898906149,"B"
"cell651",675.853760447353,261.605151230469,"C"
"cell652",843.120148405433,318.762333597988,"C"
"cell653",361.894184956327,869.576696539298,"B"
"cell654",392.365885199979,52.0885842852294,"D"
"cell655",567.687397589907,203.910853713751,"C"
"cell656",95.1521336100996,572.258583270013,"C"
"cell657",193.784071598202,36.9057455100119,"A"
"cell658",588.066393043846,18.092263257131,"C"
"cell659",751.504168147221,196.549722459167,"B"
"cell660",867.238787235692,340.977491578087,"B"
"cell661",371.795737184584,283.653292106465,"D"
"cell662",798.814549576491,186.334068421274,"C"
"cell663",58.3143925759941,204.421713249758,"B"
"cell664",623.435709392652,231.853017117828,"A"
"cell665",356.641406659037,406.101839616895,"B"
"cell666",587.927932385355,867.169511504471,"C"
"cell667",913.784642005339,275.812620762736,"C"
"cell668",199.442182900384,752.554503967986,"C"
"cell669",369.083623867482,340.630786726251,"B"
"cell670",671.408327762038,960.103333927691,"C"
"cell671",768.144550733268,628.540931269526,"B"
"cell672",522.248276043683,845.313196536154,"B"
"cell673",828.075018012896,122.283626580611,"C"
"cell674",527.09619468078,555.707331513986,"A"
"cell675",501.754825003445,776.42580284737,"B"
"cell676",419.973319862038,259.379373397678,"B"
"cell677",362.298283260316,498.980368953198,"C"
"cell678",123.428910272196,584.41674686037,"C"
"cell679",298.161529470235,484.753041295335,"A"
"cell680",276.676489738747,608.539856038988,"C"
"cell681",770.225355634466,20.8632645662874,"C"
"cell682",778.18130212836,382.79984309338,"C"
"cell683",143.787280656397,381.619910942391,"C"
"cell684",515.526150586084,67.4072960391641,"A"
"cell685",597.24048548378,289.226401364431,"C"
"cell686",505.843024002388,764.742906205356,"B"
"cell687",386.099633062258,801.584762288257,"C"
"cell688",426.098100841045,204.031246481463,"A"
"cell689",11.7597347125411,917.860072338954,"B"
"cell690",919.331770390272,102.161068003625,"C"
"cell691",79.4396931305528,890.884600812569,"C"
"cell692",507.374254753813,513.431229395792,"C"
"cell693",820.171616971493,132.781761698425,"B"
"cell694",598.3954181429,337.982318364084,"C"
"cell695",424.153526080772,213.000355288386,"C"
"cell696",559.310270706192,828.70218413882,"B"
"cell697",789.094472071156,464.334379183128,"C"
"cell698",167.715257965028,336.25348075293,"C"
"cell699",970.451730070636,144.650358706713,"C"
"cell700",473.503098357469,868.071043165401,"D"
"cell701",929.743205895647,54.3226287700236,"C"
"cell702",900.939270388335,613.883084617555,"B"
"cell703",750.882187858224,785.630304832011,"B"
"cell704",676.568772410974,579.446654533967,"A"
"cell705",648.013445781544,527.169481385499,"A"
"cell706",73.2468697242439,410.513413604349,"B"
"cell707",423.558418406174,730.523158563301,"C"
"cell708",530.824364162982,883.6000605952,"D"
"cell709",942.704762332141,114.475055364892,"C"
"cell710",712.22455939278,324.147744104266,"C"
"cell711",724.490575492382,366.757013369352,"C"
"cell712",470.12861771509,253.948567667976,"C"
"cell713",120.282255811617,120.749427936971,"D"
"cell714",783.097670879215,582.967506255955,"A"
"cell715",438.157397089526,203.4348747693,"C"
"cell716",431.455979822204,579.752318561077,"C"
"cell717",27.4978789966553,590.647940291092,"B"
"cell718",146.561842877418,977.186663541943,"A"
"cell719",422.595157986507,207.538184709847,"A"
"cell720",767.137174261734,242.746019270271,"C"
"cell721",4.7664453741163,160.246446263045,"D"
"cell722",603.595691500232,789.168701507151,"C"
"cell723",905.57726053521,95.7476415205747,"B"
"cell724",706.661531934515,456.290248548612,"B"
"cell725",262.5371592585,75.754487188533,"A"
"cell726",851.076219463721,937.549793161452,"B"
"cell727",333.605515072122,194.110536715016,"A"
"cell728",578.284267568961,714.57881340757,"B"
"cell729",432.773130247369,955.79069154337,"B"
"cell730",51.5953230205923,741.858070949093,"B"
"cell731",729.803287889808,256.030270131305,"B"
"cell732",548.170414287597,612.532270140946,"C"
"cell733",751.221985556185,132.818012498319,"B"
"cell734",50.7711647078395,180.19323493354,"D"
"cell735",714.966212399304,79.9355178605765,"C"
"cell736",297.694456763566,271.181135671213,"C"
"cell737",283.47720974125,440.128399757668,"B"
"cell738",829.877127427608,711.458232719451,"C"
"cell739",86.3953751977533,346.787970978767,"C"
"cell740",42.6571189891547,150.468136416748,"C"
"cell741",348.740808898583,599.506254540756,"A"
"cell742",542.336010141298,890.618327539414,"C"
"cell743",609.460863517597,388.700943207368,"B"
"cell744",271.372098475695,98.1341134756804,"A"
"cell745",205.230931984261,807.211842387915,"D"
"cell746",381.63214828819,118.084280984476,"D"
"cell747",472.55811537616,764.265555189922,"D"
"cell748",835.517949890345,126.254325965419,"B"
"cell749",121.471496298909,854.531788034365,"C"
"cell750",675.808124942705,536.768707213923,"A"
"cell751",496.685219928622,596.191750140861,"B"
"cell752",902.23774779588,863.054233137518,"B"
"cell753",551.263966830447,867.438183631748,"B"
"cell754",128.56467650272,59.0932832565159,"B"
"cell755",442.009785678238,469.489691546187,"C"
"cell756",192.297696368769,342.481704195961,"C"
"cell757",434.900622116402,824.570669326931,"C"
"cell758",225.133402971551,529.290451202542,"A"
"cell759",961.096282117069,437.235599849373,"D"
"cell760",448.427465045825,56.4257903024554,"C"
"cell761",777.14498527348,247.774575836957,"B"
"cell762",158.219774486497,398.08634808287,"B"
"cell763",866.808582562953,111.213281052187,"B"
"cell764",206.145605770871,421.622570138425,"B"
"cell765",177.949683042243,239.18923176825,"B"
"cell766",164.89114635624,850.532291689888,"C"
"cell767",565.268977312371,227.025169879198,"A"
"cell768",727.181021124125,747.712324839085,"B"
"cell769",875.91898906976,717.718615429476,"C"
"cell770",708.4243837744,95.1648713089526,"B"
"cell771",477.46321093291,479.22472585924,"B"
"cell772",820.279993582517,127.142050070688,"C"
"cell773",16.6122107766569,264.237005030736,"C"
"cell774",996.111101238057,227.041788864881,"B"
"cell775",634.89483576268,184.503210475668,"C"
"cell776",428.47538087517,17.2559637576342,"A"
"cell777",28.3929328434169,934.820265276358,"D"
"cell778",753.332700580359,121.039894642308,"C"
"cell779",208.63397535868,406.425643712282,"C"
"cell780",999.455405166373,789.167857030407,"B"
"cell781",907.249193172902,105.868488550186,"C"
"cell782",712.465031770989,341.594616649672,"C"
"cell783",730.932883918285,333.594424650073,"A"
"cell784",472.48792112805,774.401936912909,"C"
"cell785",862.51068697311,537.167157977819,"B"
"cell786",165.415122406557,787.171488394961,"B"
"cell787",620.427925605327,797.589224996045,"B"
"cell788",292.33139497228,223.905894672498,"A"
"cell789",456.141733797267,466.157538117841,"C"
"cell790",45.6392089836299,322.34396552667,"C"
"cell791",177.661752095446,544.530030107126,"B"
"cell792",57.9320678953081,971.569425193593,"B"
"cell793",944.410233525559,149.301019264385,"B"
"cell794",342.743474291638,363.682809751481,"D"
"cell795",517.950570676476,787.106834352016,"B"
"cell796",625.245335279033,586.609131889418,"A"
"cell797",237.26485366933,539.789478061721,"A"
"cell798",516.123914392665,873.886008979753,"C"
"cell799",806.541827740148,769.426584709436,"B"
"cell800",348.264734493569,450.837499694899,"D"
"cell801",858.687452971935,939.054067479447,"B"
"cell802",34.438761183992,558.589052874595,"B"
"cell803",970.997145865113,571.00012502633,"C"
"cell804",745.110136223957,107.309120241553,"B"
"cell805",273.255241801962,388.762210728601,"B"
"cell806",677.106101531535,977.47800545767,"C"
"cell807",347.947468049824,221.451952122152,"C"
"cell808",947.020521620288,220.063263550401,"C"
"cell809",338.623774936423,282.170991180465,"C"
"cell810",31.7132039926946,119.221175322309,"B"
"cell811",353.58579759486,180.133660789579,"A"
"cell812",387.123587774113,284.447416896,"B"
"cell813",356.947160093114,644.275576109067,"C"
"cell814",959.968606010079,960.355026647449,"C"
"cell815",383.738204836845,71.094990009442,"A"
"cell816",546.337621053681,37.9184696357697,"C"
"cell817",925.323475850746,40.4609409160912,"C"
"cell818",916.859527118504,416.924799326807,"B"
"cell819",242.73299286142,252.264143666252,"C"
"cell820",717.090838821605,108.593236422166,"C"
"cell821",348.946035839617,860.879449406639,"C"
"cell822",554.2833507061,151.392416795716,"A"
"cell823",742.97241307795,548.879792448133,"B"
"cell824",819.698318606243,510.724522871897,"C"
"cell825",869.657265022397,310.565027175471,"C"
"cell826",35.8651343267411,682.977760676295,"C"
"cell827",220.024403417483,748.439820716158,"A"
"cell828",366.9732096605,952.518456615508,"B"
"cell829",305.696442024782,362.614567857236,"C"
"cell830",727.830457501113,346.293529728428,"C"
"cell831",699.728766223416,454.230330651626,"C"
"cell832",910.060926806182,668.704696698114,"B"
"cell833",845.602609682828,529.091747943312,"C"
"cell834",778.544640168548,2.82118795439601,"C"
"cell835",400.843428215012,861.873355694115,"B"
"cell836",576.804658863693,556.885670172051,"A"
"cell837",76.3594461604953,901.919867144898,"B"
"cell838",872.974850703031,950.325969839469,"B"
"cell839",956.285735592246,900.16832225956,"C"
"cell840",505.531079834327,693.946446059272,"B"
"cell841",924.366363789886,836.223875638098,"C"
"cell842",134.513532742858,463.188710156828,"C"
"cell843",238.737003179267,629.099685000256,"B"
"cell844",489.962622057647,439.100827323273,"C"
"cell845",474.060096777976,969.921130919829,"B"
"cell846",434.994159033522,279.548889491707,"B"
"cell847",39.2489600926638,979.468783829361,"C"
"cell848",644.331015180796,682.925201021135,"C"
"cell849",715.567200211808,908.00611441955,"C"
"cell850",351.666721282527,669.978885678574,"C"
"cell851",946.556748822331,413.064608583227,"B"
"cell852",743.10650723055,931.386237964034,"B"
"cell853",50.785920349881,149.158932967111,"C"
"cell854",980.36478087306,17.0216606929898,"B"
"cell855",217.822452541441,576.50084933266,"B"
"cell856",36.1960020381957,508.741041412577,"B"
"cell857",260.7038654387,289.366538636386,"D"
"cell858",720.415785908699,276.402591494843,"B"
"cell859",247.894181171432,608.338379301131,"C"
"cell860",234.915791545063,390.518135624006,"A"
"cell861",21.011842880398,290.983642218634,"C"
"cell862",264.620627742261,385.935724014416,"C"
"cell863",691.801619483158,821.54262624681,"C"
"cell864",34.6693911124021,232.980050612241,"D"
"cell865",62.7861295361072,985.718144569546,"B"
"cell866",397.706091869622,615.445851814002,"C"
"cell867",490.028424886987,832.475731614977,"B"
"cell868",631.048747571185,236.615931149572,"C"
"cell869",723.404312273487,770.901343319565,"C"
"cell870",76.7657924443483,58.7735532317311,"C"
"cell871",421.446080552414,514.899645932019,"C"
"cell872",973.7266858574,861.012595007196,"C"
"cell873",813.805783400312,985.402142396197,"C"
"cell874",223.767722956836,396.762260701507,"B"
"cell875",489.742305828258,468.283585039899,"C"
"cell876",11.3401929847896,420.655518304557,"B"
"cell877",258.602296933532,915.634844917804,"B"
"cell878",454.598771873862,482.314377091825,"B"
"cell879",740.976688219234,942.408323055133,"B"
"cell880",990.660011768341,124.178858473897,"A"
"cell881",332.204946083948,563.707939581946,"A"
"cell882",944.791405461729,731.236714404076,"B"
"cell883",961.853419896215,0.570522155612707,"C"
"cell884",899.277499644086,628.355585271493,"C"
"cell885",492.715835105628,370.726245688275,"D"
"cell886",784.935477888212,85.7618749141693,"C"
"cell887",803.119047079235,676.196757005528,"C"
"cell888",677.767623681575,609.157745726407,"C"
"cell889",581.277578603476,96.0991012398154,"B"
"cell890",330.668087350205,398.90470681712,"A"
"cell891",1.31465657614172,98.3217679895461,"D"
"cell892",65.8019641414285,794.567694189027,"C"
"cell893",85.9519173391163,817.632554331794,"C"
"cell894",13.1097168195993,405.014413874596,"B"
"cell895",335.745624266565,2.5872802361846,"A"
"cell896",119.264316512272,608.58040349558,"A"
"cell897",593.595445388928,592.336924979463,"C"
"cell898",37.3126757331192,910.157452803105,"C"
"cell899",9.57179185934365,393.951011588797,"D"
"cell900",161.596125923097,964.200276881456,"A"
"cell901",831.898988224566,255.093980347738,"C"
"cell902",766.842754324898,140.771795995533,"B"
"cell903",272.780316416174,525.254423962906,"C"
"cell904",188.163298880681,454.066655598581,"C"
"cell905",225.761834764853,521.722374018282,"C"
"cell906",61.9703675620258,85.6974001508206,"C"
"cell907",59.9002409726381,597.549495054409,"D"
"cell908",148.155870381743,683.515642071143,"B"
"cell909",72.9878859128803,549.35643542558,"B"
"cell910",42.885891860351,620.22546841763,"A"
"cell911",522.461272310466,296.236180700362,"C"
"cell912",789.231489412487,284.499722765759,"B"
"cell913",694.75334812887,601.982762338594,"C"
"cell914",66.57604733482,167.672119801864,"D"
"cell915",17.9577465169132,917.387138586491,"D"
"cell916",442.158423364162,990.910422988236,"B"
"cell917",157.602083170786,747.668364550918,"C"
"cell918",718.860115855932,492.538609309122,"C"
"cell919",703.941832529381,932.809803402051,"B"
"cell920",885.226304875687,617.038996191695,"B"
"cell921",325.261015212163,391.704063396901,"C"
"cell922",970.881566638127,196.377992630005,"C"
"cell923",984.820266254246,720.078877871856,"C"
"cell924",39.1847176942974,934.172073379159,"D"
"cell925",893.571288092062,692.643887130544,"B"
"cell926",822.39915127866,888.580930186436,"C"
"cell927",724.244692828506,228.66586712189,"C"
"cell928",288.920137798414,546.568950172514,"A"
"cell929",501.948604593053,206.999191548675,"C"
"cell930",428.347001317888,537.049781996757,"B"
"cell931",610.016016056761,969.277777243406,"B"
"cell932",926.113174064085,803.233906626701,"C"
"cell933",240.123257739469,204.046824015677,"C"
"cell934",271.881833905354,400.646861409768,"B"
"cell935",735.003646463156,829.124875832349,"B"
"cell936",751.545873004943,441.127017373219,"A"
"cell937",930.591920856386,395.053243497387,"C"
"cell938",462.730274768546,30.8886922430247,"A"
"cell939",860.691176727414,135.86610625498,"C"
"cell940",312.036419520155,677.184424130246,"A"
"cell941",208.039013436064,62.4880669638515,"C"
"cell942",920.827467227355,997.53821385093,"C"
"cell943",52.7368842158467,113.849017070606,"C"
"cell944",411.155431065708,625.332500552759,"B"
"cell945",456.341215176508,25.586555711925,"C"
"cell946",415.860247565433,68.7424391508102,"D"
"cell947",670.353451743722,188.337299507111,"C"
"cell948",756.904080044478,800.191444111988,"C"
"cell949",911.651314469054,834.82421701774,"B"
"cell950",819.952085847035,724.687710637227,"B"
"cell951",93.6498525552452,280.629894929007,"D"
"cell952",177.906081313267,642.902703024447,"B"
"cell953",642.2145802062,958.78588128835,"C"
"cell954",874.282993841916,537.109044613317,"C"
"cell955",592.313350411132,431.453318335116,"B"
"cell956",262.432192219421,724.118740065023,"A"
"cell957",883.752264082432,174.124128883705,"B"
"cell958",187.689346261322,320.324381114915,"C"
"cell959",488.866982283071,387.977738399059,"B"
"cell960",9.8204871173948,54.4939073733985,"D"
"cell961",360.434043221176,277.924564434215,"B"
"cell962",442.161690909415,715.4537870083,"C"
"cell963",125.729221384972,328.546082368121,"C"
"cell964",624.3645476643,601.455149007961,"C"
"cell965",302.431331714615,523.920817300677,"C"
"cell966",239.637228194624,860.549127915874,"A"
"cell967",358.629763592035,532.769263954833,"C"
"cell968",892.91041251272,111.421905225143,"C"
"cell969",990.627265069634,775.893481913954,"C"
"cell970",732.421197462827,62.9397972952574,"B"
"cell971",992.78808827512,705.28526767157,"C"
"cell972",539.78936211206,49.2558798287064,"C"
"cell973",433.801761828363,781.316658947617,"C"
"cell974",964.67367419973,784.139262512326,"C"
"cell975",148.319643223658,552.575739799067,"A"
"cell976",66.4930557832122,855.10840639472,"B"
"cell977",24.2514880374074,209.872044855729,"D"
"cell978",612.42324183695,230.055250460282,"C"
"cell979",696.608748054132,673.410430550575,"B"
"cell980",801.141887204722,444.783360464498,"C"
"cell981",137.730283895507,660.065344534814,"B"
"cell982",159.78482272476,77.8218938503414,"D"
"cell983",988.833592971787,343.24827324599,"B"
"cell984",398.645695531741,807.454800233245,"D"
"cell985",187.911816174164,348.97535527125,"C"
"cell986",477.728241123259,52.0824007689953,"C"
"cell987",544.234022730961,863.282800884917,"B"
"cell988",328.157980693504,556.919454364106,"A"
"cell989",999.930593650788,909.955336013809,"B"
"cell990",527.781835990027,761.296632234007,"B"
"cell991",133.734508184716,545.541842700914,"A"
"cell992",438.540067756549,477.882002945989,"C"
"cell993",620.793939800933,347.431353293359,"C"
"cell994",202.912412118167,568.207804346457,"A"
"cell995",134.169772733003,950.769187184051,"C"
"cell996",776.833998039365,261.379009811208,"B"
"cell997",635.949848685414,106.805441435426,"B"
"cell998",282.136296620592,253.757920349017,"A"
"cell999",191.259456099942,180.903868051246,"A"
"cell1000",265.536719933152,531.388920033351,"C"
"cell1001",530.808792915195,802.349541336298,"C"
"cell1002",684.860904002562,479.49518612586,"B"
"cell1003",383.283393690363,177.401563152671,"C"
"cell1004",954.987998353317,397.133344551548,"C"
"cell1005",118.356580613181,814.226992661133,"C"
"cell1006",39.1000553499907,941.357076400891,"C"
"cell1007",504.505032906309,173.349933931604,"A"
"cell1008",578.482555225492,354.940799530596,"C"
"cell1009",839.303907938302,705.040041357279,"C"
"cell1010",654.444975312799,959.240919910371,"C"
"cell1011",944.528339896351,427.801409969106,"B"
"cell1012",511.657629627734,135.915317805484,"C"
"cell1013",84.9210591986775,813.741239253432,"C"
"cell1014",994.770509423688,806.8449604325,"B"
"cell1015",401.444119866937,908.110354794189,"D"
"cell1016",895.646296674386,703.601886983961,"C"
"cell1017",876.858412055299,458.796519786119,"A"
"cell1018",296.484797960147,81.6244133748114,"A"
"cell1019",132.591909728944,730.743972118944,"B"
"cell1020",265.910907648504,932.681515347213,"B"
"cell1021",5.72754279710352,35.9482921194285,"B"
"cell1022",819.601821480319,107.039442518726,"B"
"cell1023",174.661678960547,396.388927707449,"B"
"cell1024",843.08055206202,152.283743256703,"C"
"cell1025",166.71216674149,113.112227525562,"A"
"cell1026",764.01943503879,286.152201937512,"C"
"cell1027",518.938087392598,581.009721849114,"A"
"cell1028",272.685303352773,141.62838482298,"C"
"cell1029",343.203135766089,494.4173397962,"C"
"cell1030",705.075340112671,360.284397145733,"B"
"cell1031",591.535301180556,407.026430824772,"B"
"cell1032",469.379037618637,281.181986443698,"C"
"cell1033",336.376605555415,425.313429441303,"C"
"cell1034",967.837428674102,463.501589838415,"C"
"cell1035",645.841883728281,829.269654583186,"B"
"cell1036",196.301169227809,359.094252577052,"C"
"cell1037",357.180385151878,438.799045747146,"A"
"cell1038",513.018082128838,7.25971511565149,"A"
"cell1039",882.996740518138,968.147910665721,"C"
"cell1040",152.667565271258,337.498082546517,"B"
"cell1041",230.461597442627,28.4441991243511,"D"
"cell1042",162.988578435034,356.542730005458,"C"
"cell1043",614.346859045327,640.314553165808,"A"
"cell1044",501.636443892494,286.633577663451,"C"
"cell1045",188.118888065219,982.765204971656,"C"
"cell1046",407.714852597564,82.3013337794691,"D"
"cell1047",582.388046896085,128.030818421394,"C"
"cell1048",308.929065009579,263.550981180742,"B"
"cell1049",480.965640163049,212.941627483815,"A"
"cell1050",939.394792309031,946.402829606086,"C"
"cell1051",46.0405482444912,345.473791006953,"B"
"cell1052",534.861729713157,405.422623036429,"B"
"cell1053",442.66078225337,536.541351582855,"A"
"cell1054",906.365469563752,275.828687706962,"B"
"cell1055",881.042381748557,405.671408865601,"C"
"cell1056",163.241116330028,435.509188333526,"B"
"cell1057",752.190765691921,322.054158896208,"A"
"cell1058",402.987202163786,3.43568925745785,"D"
"cell1059",556.952693499625,972.969073802233,"B"
"cell1060",80.1692819222808,112.912589916959,"A"
"cell1061",116.568592377007,548.572195228189,"A"
"cell1062",925.192561233416,872.297380352393,"C"
"cell1063",878.844240680337,862.594560021535,"C"
"cell1064",163.207626901567,610.543699702248,"A"
"cell1065",531.563901342452,1.47809600457549,"A"
"cell1066",929.792168317363,324.025955284014,"B"
"cell1067",325.715993763879,870.443280553445,"B"
"cell1068",160.794630879536,506.834458792582,"D"
"cell1069",949.707917869091,905.239950865507,"B"
"cell1070",462.357048643753,986.314764944836,"C"
"cell1071",220.770887332037,314.687065547332,"C"
"cell1072",2.01923260465264,12.8363075200468,"B"
"cell1073",619.192603277043,411.044480744749,"B"
"cell1074",402.50592213124,774.080925853923,"C"
"cell1075",900.032610632479,952.318837866187,"B"
"cell1076",505.881984485313,726.365774637088,"C"
"cell1077",726.487081032246,516.43915916793,"C"
"cell1078",27.486614882946,733.954830560833,"B"
"cell1079",379.413213115185,850.405663717538,"B"
"cell1080",386.744662187994,818.386216182262,"C"
"cell1081",337.820725282654,721.614006441087,"B"
"cell1082",364.431851310655,441.471767378971,"B"
"cell1083",638.755969703197,437.110368395224,"C"
"cell1084",32.9143274575472,835.935265058652,"C"
"cell1085",696.19258842431,385.110654402524,"C"
"cell1086",815.564174670726,674.415432615206,"C"
"cell1087",507.422853494063,77.8185459785163,"C"
"cell1088",112.592625897378,828.976714517921,"D"
"cell1089",906.323301140219,16.2454729434103,"B"
"cell1090",413.338953163475,112.693230854347,"C"
"cell1091",473.755787825212,491.024512797594,"A"
"cell1092",713.714180048555,682.987052714452,"C"
"cell1093",241.871210513636,606.331759365276,"C"
"cell1094",299.640627577901,897.259657969698,"B"
"cell1095",704.478821484372,307.492890860885,"B"
"cell1096",771.674948045984,542.465554783121,"B"
"cell1097",13.8403405435383,735.916769597679,"C"
"cell1098",551.313953474164,156.152101000771,"A"
"cell1099",652.461190475151,682.451540837064,"A"
"cell1100",931.660708039999,880.779490340501,"C"
"cell1101",690.391705138609,366.680132923648,"B"
"cell1102",253.767139045522,33.0144132021815,"D"
"cell1103",411.038370104507,519.780053058639,"A"
"cell1104",122.891113162041,112.714397488162,"A"
"cell1105",131.96655572392,902.385278139263,"B"
"cell1106",640.118008246645,219.971668673679,"C"
"cell1107",346.423432230949,623.47650132142,"A"
"cell1108",422.756604617462,363.139717373997,"C"
"cell1109",939.408880425617,788.599854335189,"B"
"cell1110",383.889230899513,953.639274695888,"B"
"cell1111",228.585131000727,686.537295812741,"B"
"cell1112",690.27868588455,10.9916639048606,"B"
"cell1113",9.85791743732989,957.786793354899,"B"
"cell1114",686.130894348025,498.10330895707,"C"
"cell1115",791.674596024677,540.793451713398,"B"
"cell1116",507.493488723412,59.833055594936,"C"
"cell1117",308.076248969883,161.126879742369,"C"
"cell1118",737.212277250364,757.993698818609,"C"
"cell1119",304.715243401006,322.599776089191,"D"
"cell1120",774.708701763302,618.448045104742,"C"
"cell1121",112.113637849689,593.928179237992,"B"
"cell1122",797.743699979037,48.1248337309808,"C"
"cell1123",491.001167334616,393.81199865602,"C"
"cell1124",832.918174797669,311.598118860275,"B"
"cell1125",758.423154940829,432.680421741679,"C"
"cell1126",902.146560838446,359.491006471217,"C"
"cell1127",278.440013062209,746.932842768729,"A"
"cell1128",445.692849811167,952.456215396523,"B"
"cell1129",272.015735739842,219.007093459368,"B"
"cell1130",329.918325645849,826.737035065889,"C"
"cell1131",863.600653829053,27.4756415747106,"C"
"cell1132",109.857953386381,947.684550657868,"C"
"cell1133",402.256899746135,978.273666463792,"D"
"cell1134",406.075093662366,813.566470053047,"B"
"cell1135",436.479254858568,668.295187875628,"B"
"cell1136",177.000096300617,297.704186756164,"C"
"cell1137",265.730200102553,853.17975259386,"C"
"cell1138",659.550013486296,846.250320551917,"C"
"cell1139",816.055504838005,377.476619090885,"A"
"cell1140",421.184344682842,867.635844741017,"C"
"cell1141",160.064304247499,537.293540546671,"A"
"cell1142",288.610127288848,577.537083765492,"A"
"cell1143",802.129008341581,15.6519564334303,"C"
"cell1144",164.245681837201,911.262489156798,"D"
"cell1145",789.792735129595,639.825749909505,"A"
"cell1146",524.214969947934,554.048931924626,"C"
"cell1147",320.035002660006,680.059362435713,"A"
"cell1148",275.177087867633,939.961823867634,"B"
"cell1149",801.8980382476,182.285688119009,"C"
"cell1150",104.024431202561,444.765886291862,"D"
"cell1151",838.122266577557,298.281367635354,"B"
"cell1152",79.2628736235201,451.972152572125,"B"
"cell1153",717.564067104831,910.457347054034,"B"
"cell1154",864.617826649919,774.058116134256,"B"
"cell1155",978.55820809491,680.62029290013,"C"
"cell1156",249.126207549125,629.78654447943,"A"
"cell1157",24.8606903478503,400.093509349972,"B"
"cell1158",222.97823196277,54.5396546367556,"A"
"cell1159",122.025499586016,643.974790116772,"C"
"cell1160",385.239424882457,219.813041388988,"C"
"cell1161",84.3304744921625,89.0372835565358,"C"
"cell1162",282.58189978078,130.751208867878,"A"
"cell1163",566.582458792254,879.388509085402,"B"
"cell1164",328.542302362621,652.040252229199,"A"
"cell1165",943.474682746455,28.1480583362281,"B"
"cell1166",377.30351393111,131.063067819923,"C"
"cell1167",953.315612394363,157.595142023638,"B"
"cell1168",273.252867627889,473.476128652692,"C"
"cell1169",687.330156099051,750.697880750522,"B"
"cell1170",136.991804465652,840.283919125795,"C"
"cell1171",810.210771625862,875.405560946092,"B"
"cell1172",762.604692019522,11.0687566921115,"B"
"cell1173",442.404833855107,41.569180553779,"C"
"cell1174",456.675694556907,211.358914151788,"A"
"cell1175",680.455088848248,726.182851241902,"B"
"cell1176",74.3979089893401,794.119044905528,"C"
"cell1177",646.629075054079,633.692966075614,"B"
"cell1178",789.914111606777,149.760518921539,"C"
"cell1179",223.316506715491,485.927834641188,"D"
"cell1180",40.9439904615283,748.943127924576,"C"
"cell1181",384.648363338783,265.6033502426,"B"
"cell1182",344.092153944075,758.678108453751,"C"
"cell1183",446.368692209944,196.006852202117,"C"
"cell1184",386.83316949755,377.432000823319,"D"
"cell1185",918.317915406078,560.318920062855,"C"
"cell1186",174.017543438822,452.641472686082,"C"
"cell1187",149.870562367141,886.163087328896,"D"
"cell1188",613.199228886515,588.786631124094,"A"
"cell1189",17.243331996724,68.2992786169052,"C"
"cell1190",66.1104843020439,130.542241036892,"A"
"cell1191",778.839041478932,146.773063344881,"B"
"cell1192",935.656127054244,860.31669517979,"B"
"cell1193",207.204139558598,949.276015395299,"C"
"cell1194",643.34315690212,896.443295525387,"B"
"cell1195",331.379575189203,113.651731051505,"D"
"cell1196",955.421590944752,793.385952012613,"B"
"cell1197",817.189157009125,4.31777210906148,"B"
"cell1198",740.276143187657,698.139909654856,"C"
"cell1199",222.705976804718,506.966484710574,"B"
"cell1200",45.7247165031731,269.444103119895,"B"
"cell1201",366.526579251513,634.649808518589,"C"
"cell1202",741.393025033176,997.656602412462,"C"
"cell1203",933.506249915808,505.074343876913,"B"
"cell1204",673.209949862212,933.232999639586,"B"
"cell1205",701.35710737668,191.208887146786,"C"
"cell1206",847.625407855958,484.762544510886,"A"
"cell1207",706.156654981896,634.125648066401,"B"
"cell1208",858.80775959231,202.303132042289,"C"
"cell1209",445.64449111931,429.601910756901,"C"
"cell1210",676.634992007166,670.688453828916,"C"
"cell1211",127.824782626703,821.587861981243,"B"
"cell1212",736.171535216272,358.691193396226,"C"
"cell1213",67.2451483551413,618.271555984393,"B"
"cell1214",280.8000696823,347.069602226838,"B"
"cell1215",411.617683712393,755.966565106064,"C"
"cell1216",943.424997152761,565.426904708147,"B"
"cell1217",977.34253318049,627.588032977656,"A"
"cell1218",38.8665851205587,392.214556923136,"B"
"cell1219",587.727777194232,658.381888410076,"C"
"cell1220",30.0116771832108,683.106247335672,"C"
"cell1221",565.281208371744,776.32555551827,"B"
"cell1222",98.2272308319807,767.656422685832,"B"
"cell1223",630.290788598359,11.0934360418469,"B"
"cell1224",818.501834524795,230.813289992511,"B"
"cell1225",350.041663041338,697.714437264949,"C"
"cell1226",133.983674924821,903.948790160939,"B"
"cell1227",80.943378387019,88.9520738273859,"D"
"cell1228",350.443314295262,662.700216518715,"C"
"cell1229",996.271784650162,641.757260542363,"C"
"cell1230",532.968810759485,933.884687488899,"B"
"cell1231",335.897380486131,905.703466618434,"B"
"cell1232",314.234643476084,28.2599737402052,"A"
"cell1233",382.622060365975,326.966211665422,"D"
"cell1234",18.546407809481,866.350872209296,"B"
"cell1235",36.5391168743372,209.497950971127,"B"
"cell1236",878.513294039294,489.857292966917,"C"
"cell1237",402.064023772255,465.626492165029,"C"
"cell1238",469.381074188277,532.063555205241,"B"
"cell1239",402.336510131136,943.565017078072,"C"
"cell1240",702.090102480724,536.258358042687,"C"
"cell1241",399.164465256035,540.24756886065,"C"
"cell1242",501.958322711289,638.817836530507,"A"
"cell1243",36.9737506844103,559.129370842129,"C"
"cell1244",297.975734807551,61.1279506701976,"A"
"cell1245",962.841981789097,292.38359327428,"C"
"cell1246",935.096904635429,483.624843880534,"C"
"cell1247",961.099177366123,298.862256575376,"B"
"cell1248",792.595364153385,533.755369950086,"C"
"cell1249",754.777192836627,444.380736444145,"C"
"cell1250",65.966630121693,792.672285577282,"B"
"cell1251",135.504779173061,55.9837715700269,"C"
"cell1252",123.599375598133,365.029011154547,"C"
"cell1253",762.543860822916,891.417951555923,"B"
"cell1254",903.465715935454,519.239958608523,"C"
"cell1255",402.659090235829,368.640997447073,"D"
"cell1256",182.563007809222,417.562691029161,"B"
"cell1257",374.56521904096,22.6960622239858,"A"
"cell1258",506.208677310497,590.4885600321,"B"
"cell1259",913.5026789736,493.03546291776,"B"
"cell1260",76.6451810486615,102.907110704109,"B"
"cell1261",109.745523892343,404.790387256071,"C"
"cell1262",754.267222480848,52.4687760043889,"C"
"cell1263",304.598775692284,36.5673368796706,"C"
"cell1264",723.80965645425,231.096146861091,"C"
"cell1265",232.330028899014,979.802730260417,"B"
"cell1266",393.458866979927,46.293978812173,"A"
"cell1267",507.879396900535,131.950644310564,"A"
"cell1268",939.916865434498,928.440445568413,"C"
"cell1269",57.8751706052572,87.9400612320751,"C"
"cell1270",304.765704553574,942.585540469736,"C"
"cell1271",240.924044046551,674.114161171019,"C"
"cell1272",385.203435085714,3.82873811759055,"A"
"cell1273",762.983355671167,849.251258186996,"C"
"cell1274",864.646998699754,515.590843511745,"C"
"cell1275",679.111215053126,422.349815256894,"C"
"cell1276",676.762705435976,859.611756866798,"B"
"cell1277",165.052519412711,589.908806141466,"B"
"cell1278",802.867429330945,63.8678425457329,"C"
"cell1279",711.993431439623,135.187422623858,"B"
"cell1280",928.703089011833,411.114768125117,"B"
"cell1281",7.49460491351783,830.281275790185,"B"
"cell1282",596.331653418019,387.132702860981,"B"
"cell1283",366.745680803433,622.795259347185,"C"
"cell1284",741.967155365273,605.2724448964,"C"
"cell1285",762.087390525267,540.227035991848,"B"
"cell1286",260.722959181294,584.369491320103,"C"
"cell1287",254.935881355777,772.804728941992,"D"
"cell1288",678.840809967369,698.219556594267,"C"
"cell1289",485.480662435293,841.093179536983,"C"
"cell1290",378.584530204535,977.512172423303,"C"
"cell1291",55.5479826871306,231.927045853809,"D"
"cell1292",899.025898426771,857.306067366153,"B"
"cell1293",801.723313750699,684.704520739615,"C"
"cell1294",481.013050070032,300.191494869068,"B"
"cell1295",32.1287591941655,161.221431568265,"B"
"cell1296",512.00681226328,767.234371043742,"C"
"cell1297",373.101272154599,987.111633410677,"D"
"cell1298",498.571684816852,858.097431482747,"C"
"cell1299",399.265736807138,676.069807494059,"C"
"cell1300",20.9469445981085,811.714572599158,"C"
"cell1301",524.289028486237,485.714763170108,"A"
"cell1302",160.3988497518,460.572879295796,"D"
"cell1303",205.114235170186,311.910333810374,"B"
"cell1304",975.226715672761,20.5816389061511,"B"
"cell1305",966.354875126854,412.714944686741,"B"
"cell1306",760.070322314277,979.999884497374,"B"
"cell1307",76.3705321587622,135.402775136754,"C"
"cell1308",515.823876019567,730.675936909392,"B"
"cell1309",600.305194500834,525.304057169706,"C"
"cell1310",437.024090904742,961.599416332319,"B"
"cell1311",1.64226116612554,720.230341888964,"C"
"cell1312",435.551518108696,910.616386216134,"B"
"cell1313",500.963768921793,303.850163239986,"C"
"cell1314",669.604706112295,628.667964134365,"B"
"cell1315",694.857106776908,208.237442653626,"C"
"cell1316",782.510314369574,850.498702842742,"C"
"cell1317",139.022845542058,51.6226533800364,"B"
"cell1318",163.245677249506,763.275923440233,"B"
"cell1319",759.542910149321,715.289933141321,"B"
"cell1320",443.703617434949,767.757193185389,"B"
"cell1321",629.668830428272,630.72845665738,"B"
"cell1322",104.512860300019,816.523539600894,"C"
"cell1323",835.548897273839,416.317786788568,"C"
"cell1324",333.949361927807,937.721627065912,"B"
"cell1325",199.519188608974,290.783272590488,"B"
"cell1326",694.545476464555,114.016148028895,"C"
"cell1327",165.878762723878,601.935896556824,"B"
"cell1328",73.9639038220048,25.3674585837871,"B"
"cell1329",38.2361884694546,84.5331076998264,"D"
"cell1330",846.020216587931,333.610649453476,"C"
"cell1331",373.548197327182,70.4086690675467,"A"
"cell1332",880.710697267205,705.079847713932,"B"
"cell1333",90.317772468552,74.1995039861649,"D"
"cell1334",495.907411212102,325.013779336587,"B"
"cell1335",754.322736058384,358.941920800135,"B"
"cell1336",605.890813050792,388.332616537809,"C"
"cell1337",528.41279655695,785.443371161819,"C"
"cell1338",910.20668274723,604.34823972173,"C"
"cell1339",985.72890390642,762.589753139764,"C"
"cell1340",279.742561979219,235.860442742705,"A"
"cell1341",123.491694685072,285.984676796943,"C"
"cell1342",174.37904397957,317.556669004261,"D"
"cell1343",881.335254758596,921.906708274037,"B"
"cell1344",124.628272140399,450.436822371557,"C"
"cell1345",298.968904651701,125.947901280597,"A"
"cell1346",164.734639925882,143.986092181876,"C"
"cell1347",72.6095444988459,311.070655006915,"C"
"cell1348",238.413982093334,975.288923131302,"B"
"cell1349",716.666605323553,231.763273710385,"C"
"cell1350",645.020991796628,38.2028366439044,"B"
"cell1351",75.8749665692449,563.256986206397,"A"
"cell1352",172.708922065794,818.462958559394,"C"
"cell1353",145.670357858762,39.9563447572291,"D"
"cell1354",391.901184339076,30.1193404011428,"A"
"cell1355",231.745099416003,881.95783784613,"B"
"cell1356",561.379822902381,96.223073778674,"C"
"cell1357",583.520186599344,886.290009133518,"C"
"cell1358",98.759338259697,879.959146259353,"C"
"cell1359",158.91654137522,835.876102093607,"B"
"cell1360",922.065404010937,557.243729010224,"B"
"cell1361",859.449719078839,467.326634097844,"C"
"cell1362",907.198753440753,764.113968936726,"B"
"cell1363",115.268956404179,876.213284675032,"B"
"cell1364",35.5392340570688,701.952431350946,"B"
"cell1365",585.754387546331,686.79866543971,"C"
"cell1366",314.168264856562,636.870401678607,"C"
"cell1367",556.889274157584,831.182508030906,"C"
"cell1368",354.495415464044,365.10155024007,"D"
"cell1369",143.268311629072,570.556978695095,"A"
"cell1370",567.135462770239,630.15224202536,"A"
"cell1371",334.098657825962,614.952600328252,"C"
"cell1372",120.401190593839,36.8189697619528,"B"
"cell1373",255.854324204847,17.285815672949,"A"
"cell1374",353.385316440836,68.0118638556451,"D"
"cell1375",831.319929333404,295.271991519257,"C"
"cell1376",783.223916543648,126.704038120806,"B"
"cell1377",940.152207389474,844.714725157246,"C"
"cell1378",839.199031703174,582.892629085109,"B"
"cell1379",148.985019186512,540.331788593903,"B"
"cell1380",590.676085092127,564.409879501909,"B"
"cell1381",823.962600668892,111.477636964992,"B"
"cell1382",631.885365350172,503.265196457505,"C"
"cell1383",469.929961487651,168.936400907114,"C"
"cell1384",258.740903576836,330.436418298632,"B"
"cell1385",24.5803508441895,289.174646837637,"B"
"cell1386",328.808127669618,871.8617123086,"C"
"cell1387",224.853484425694,983.075922355056,"A"
"cell1388",877.331839408726,449.73988016136,"A"
"cell1389",677.65420069918,428.737231297418,"C"
"cell1390",525.93330363743,298.711734823883,"C"
"cell1391",557.686663931236,259.549331618473,"D"
"cell1392",247.471673414111,793.350585969165,"B"
"cell1393",7.29677081108093,18.1931650731713,"C"
"cell1394",948.906435165554,34.5779112540185,"C"
"cell1395",719.150138553232,28.5940209869295,"B"
"cell1396",279.324544593692,568.425016012043,"C"
"cell1397",743.782856035978,889.19350062497,"B"
"cell1398",870.748400921002,554.856961360201,"C"
"cell1399",380.370125174522,197.323454776779,"C"
"cell1400",719.447515904903,792.430558009073,"C"
"cell1401",239.606710383669,947.512933518738,"A"
"cell1402",647.764874156564,71.2402206845582,"B"
"cell1403",975.670760730281,371.038995217532,"C"
"cell1404",377.998807933182,669.765127124265,"A"
"cell1405",464.144128607586,9.99835669063032,"C"
"cell1406",812.296295771375,749.893881380558,"C"
"cell1407",494.408113183454,985.846241936088,"C"
"cell1408",50.3090226557106,273.909657727927,"B"
"cell1409",130.621740594506,139.519652351737,"D"
"cell1410",161.438316106796,976.404243381694,"C"
"cell1411",89.4531598314643,306.301631964743,"C"
"cell1412",403.614088194445,569.42411349155,"A"
"cell1413",63.8598678633571,538.207527250051,"B"
"cell1414",562.005922431126,961.45927417092,"B"
"cell1415",336.524107959121,452.176122227684,"D"
"cell1416",540.642281062901,378.670980222523,"B"
"cell1417",913.231221958995,64.4230844918638,"C"
"cell1418",386.88075914979,671.02567339316,"B"
"cell1419",960.267164045945,65.4471057932824,"B"
"cell1420",384.686591336504,201.968907378614,"B"
"cell1421",941.601979313418,918.583245016634,"B"
"cell1422",680.635657161474,956.88528008759,"B"
"cell1423",902.642353670672,239.341633627191,"B"
"cell1424",253.797065699473,406.939328880981,"B"
"cell1425",406.097129452974,796.14728805609,"B"
"cell1426",14.2486135009676,880.628596292809,"B"
"cell1427",110.44779419899,956.159168621525,"B"
"cell1428",501.537791918963,627.194220898673,"B"
"cell1429",371.526648057625,217.940802918747,"B"
"cell1430",805.915554286912,525.597776286304,"C"
"cell1431",7.92284356430173,239.814594388008,"D"
"cell1432",836.512059206143,940.649811178446,"C"
"cell1433",376.83917931281,23.1360632460564,"D"
"cell1434",385.248533217236,634.712329600006,"C"
"cell1435",951.530575519428,971.27534286119,"C"
"cell1436",475.674239452928,107.324536889791,"D"
"cell1437",552.093794336542,224.762569880113,"A"
"cell1438",934.716325020418,146.222741808742,"A"
"cell1439",863.43625606969,352.731726365164,"B"
"cell1440",259.914484340698,333.441155962646,"D"
"cell1441",687.699834583327,86.290895473212,"C"
"cell1442",447.907246183604,971.149060176685,"C"
"cell1443",218.01627590321,770.943657960743,"C"
"cell1444",686.23681506142,30.1099128555506,"B"
"cell1445",959.382025292143,946.407520910725,"C"
"cell1446",259.404480922967,471.443838207051,"B"
"cell1447",468.759991927072,589.938755845651,"A"
"cell1448",321.339557645842,987.220240058377,"D"
"cell1449",164.642814546824,344.388371799141,"B"
"cell1450",714.727725367993,661.87479509972,"C"
"cell1451",528.16575136967,47.5011996459216,"C"
"cell1452",234.714680118486,880.997015628964,"B"
"cell1453",64.4316615071148,931.980005465448,"C"
"cell1454",675.76349619776,954.913745401427,"B"
"cell1455",806.145361857489,755.370357073843,"B"
"cell1456",115.471235243604,828.554753214121,"C"
"cell1457",692.014421336353,483.656921889633,"B"
"cell1458",21.7862285207957,725.421863608062,"B"
"cell1459",361.376708606258,885.771847562864,"B"
"cell1460",732.280049938709,62.4301570933312,"C"
"cell1461",312.623041914776,902.944783912972,"C"
"cell1462",447.153053246439,28.2520765904337,"C"
"cell1463",825.439068023115,321.962855290622,"B"
"cell1464",331.795465201139,128.149377647787,"A"
"cell1465",144.025167217478,110.141913872212,"A"
"cell1466",300.92075210996,513.342239893973,"A"
"cell1467",162.601796910167,832.293160958216,"C"
"cell1468",839.471578365192,445.708966813982,"C"
"cell1469",664.307477185503,755.911491811275,"D"
"cell1470",138.867305591702,899.729524739087,"B"
"cell1471",325.881813885644,308.047227328643,"B"
"cell1472",831.430218880996,556.854023132473,"C"
"cell1473",822.539104381576,999.194678850472,"C"
"cell1474",149.399920366704,202.094245236367,"B"
"cell1475",421.279689529911,5.39996149018407,"A"
"cell1476",445.182651514187,304.08637248911,"C"
"cell1477",883.927375776693,496.753414859995,"B"
"cell1478",414.997326675802,28.3771625254303,"D"
"cell1479",689.892161870375,872.602669754997,"B"
"cell1480",716.92087710835,934.078645659611,"C"
"cell1481",12.3791699297726,930.875941179693,"B"
"cell1482",37.8294484689832,46.5287743136287,"C"
"cell1483",90.8774142153561,835.429355502129,"B"
"cell1484",398.823967436329,835.889535723254,"D"
"cell1485",900.214575929567,558.966832933947,"C"
"cell1486",444.902628427371,881.150518311188,"B"
"cell1487",755.15309209004,784.917331300676,"C"
"cell1488",711.470239562914,904.405734501779,"B"
"cell1489",166.756350314245,711.434805998579,"A"
"cell1490",869.142389157787,575.503982836381,"C"
"cell1491",89.1845354344696,489.07258710824,"B"
"cell1492",163.01366337575,204.282114747912,"D"
"cell1493",849.353688303381,190.222956705838,"B"
"cell1494",628.130341181532,838.384618517011,"D"
"cell1495",208.459950983524,888.05390545167,"B"
"cell1496",672.860826831311,567.778263706714,"A"
"cell1497",964.205690892413,362.700476078317,"B"
"cell1498",881.73885201104,231.114051071927,"B"
"cell1499",961.764686973765,384.228762472048,"B"
"cell1500",464.693185640499,572.439994895831,"C"
"cell1501",72.8773572482169,599.919136846438,"C"
"cell1502",874.308753525838,794.454609276727,"C"
"cell1503",198.872806271538,504.586929921061,"A"
"cell1504",534.58975860849,540.15195555985,"A"
"cell1505",105.562190990895,24.0896218456328,"B"
"cell1506",383.995017269626,777.229169383645,"C"
"cell1507",747.705924557522,334.934893762693,"B"
"cell1508",695.790997939184,468.478092225268,"B"
"cell1509",98.3917720150203,729.831201722845,"C"
"cell1510",611.531793372706,744.718985864893,"B"
"cell1511",20.9252538625151,890.803800430149,"C"
"cell1512",649.712249170989,300.632366910577,"B"
"cell1513",978.378070285544,101.898519555107,"C"
"cell1514",842.504459200427,190.689533017576,"B"
"cell1515",842.785842018202,257.666680263355,"B"
"cell1516",387.452162569389,272.624538047239,"A"
"cell1517",793.07110211812,7.27951503358781,"B"
"cell1518",406.196559080854,917.90635837242,"B"
"cell1519",253.348905127496,840.50816623494,"D"
"cell1520",419.303989037871,377.059336286038,"D"
"cell1521",495.499532902613,502.039992250502,"C"
"cell1522",858.245956944302,332.168674794957,"B"
"cell1523",732.264853548259,785.535226110369,"B"
"cell1524",974.42849050276,781.624939991161,"C"
"cell1525",100.054909707978,286.652230657637,"B"
"cell1526",832.590837031603,387.615817133337,"B"
"cell1527",450.554177863523,584.658698644489,"A"
"cell1528",850.45913583599,994.150223443285,"C"
"cell1529",569.751543691382,835.735885892063,"C"
"cell1530",961.542513919994,726.855342742056,"B"
"cell1531",954.750733915716,407.429949846119,"C"
"cell1532",283.779508899897,958.52635265328,"B"
"cell1533",739.606497809291,801.96490092203,"B"
"cell1534",70.7425756845623,704.851950518787,"B"
"cell1535",900.119546800852,743.434723000973,"C"
"cell1536",133.42057261616,41.1616840865463,"B"
"cell1537",555.886077694595,55.8531857095659,"B"
"cell1538",600.408032536507,896.790414117277,"B"
"cell1539",132.961038965732,621.500158915296,"A"
"cell1540",509.312337264419,715.61091253534,"C"
"cell1541",367.04990756698,6.45972532220185,"A"
"cell1542",3.30454739741981,150.810371153057,"A"
"cell1543",47.9798603337258,390.337652293965,"B"
"cell1544",882.048450177535,714.161876123399,"B"
"cell1545",823.517040116712,290.325599722564,"B"
"cell1546",413.030900992453,837.331550894305,"B"
"cell1547",921.733218012378,809.496423229575,"B"
"cell1548",477.402933407575,181.867694249377,"D"
"cell1549",474.994423566386,615.423773881048,"A"
"cell1550",657.836067024618,98.172070691362,"B"
"cell1551",163.320453837514,275.17956495285,"B"
"cell1552",95.1943711843342,780.145775992423,"C"
"cell1553",861.514792311937,437.542198225856,"C"
"cell1554",239.879169734195,221.972281346098,"C"
"cell1555",555.404131999239,573.065859032795,"C"
"cell1556",849.406595109031,780.486597446725,"B"
"cell1557",349.647580645978,155.522431246936,"D"
"cell1558",975.738595239818,847.129767062142,"C"
"cell1559",869.405530160293,248.301811050624,"C"
"cell1560",754.124050959945,802.099082618952,"B"
"cell1561",223.673420026898,106.99037485756,"A"
"cell1562",769.816465443,579.044283600524,"B"
"cell1563",874.713584315032,62.3896184843034,"B"
"cell1564",43.7931080814451,90.7182868104428,"C"
"cell1565",199.760707095265,299.951496301219,"C"
"cell1566",853.742358274758,640.830152668059,"C"
"cell1567",652.254128362983,492.609065724537,"A"
"cell1568",869.332019239664,555.314179975539,"C"
"cell1569",813.636587467045,58.4233943372965,"B"
"cell1570",361.44763790071,342.911960789934,"B"
"cell1571",90.8958460204303,680.054666940123,"B"
"cell1572",574.655290460214,434.38574927859,"B"
"cell1573",654.730413574725,252.121420809999,"C"
"cell1574",822.204776341096,146.42827026546,"C"
"cell1575",455.575515050441,622.130993520841,"C"
"cell1576",984.328898368403,579.677405068651,"A"
"cell1577",750.398378120735,556.677608285099,"B"
"cell1578",133.55568703264,24.34884570539,"A"
"cell1579",215.17351269722,354.189245030284,"C"
"cell1580",848.379537696019,377.888964023441,"C"
"cell1581",465.341185452417,25.8919151965529,"A"
"cell1582",915.767790284008,676.427339902148,"C"
"cell1583",916.557738324627,55.0569642800838,"C"
"cell1584",819.854583824053,43.2647177949548,"C"
"cell1585",566.901157610118,5.53221069276333,"C"
"cell1586",615.477161249146,206.780816894025,"C"
"cell1587",794.800289906561,913.408516673371,"C"
"cell1588",439.696548506618,341.096192831174,"D"
"cell1589",412.587253144011,359.174565644935,"B"
"cell1590",565.485285129398,866.259583970532,"C"
"cell1591",151.647832011804,973.590466193855,"A"
"cell1592",807.460845448077,980.258395429701,"B"
"cell1593",495.641366345808,72.7123722899705,"C"
"cell1594",140.509183052927,461.705907247961,"A"
"cell1595",110.289279138669,930.817308370024,"B"
"cell1596",110.791063401848,130.190584808588,"A"
"cell1597",4.71427943557501,859.063123119995,"C"
"cell1598",238.404355244711,520.018735202029,"B"
"cell1599",878.822879167274,224.378655897453,"B"
"cell1600",77.2186573594809,427.132410695776,"C"
"cell1601",138.538560131565,762.412854935974,"C"
"cell1602",47.5245749112219,593.82830420509,"D"
"cell1603",33.9188734069467,719.509370625019,"B"
"cell1604",916.089018341154,284.091336419806,"B"
"cell1605",840.200393926352,441.674972185865,"B"
"cell1606",178.8714164868,751.38835189864,"B"
"cell1607",495.267945108935,934.092341689393,"C"
"cell1608",306.958527071401,71.4133388828486,"A"
"cell1609",274.376961868256,389.918048400432,"A"
"cell1610",128.243855433539,127.625434426591,"C"
"cell1611",429.381913272664,978.706541005522,"B"
"cell1612",695.944963721558,161.171129206195,"B"
"cell1613",335.060718469322,115.898978663608,"C"
"cell1614",701.246433425695,786.069729132578,"B"
"cell1615",840.534914750606,905.293547548354,"B"
"cell1616",882.632006658241,599.870102247223,"B"
"cell1617",766.589350067079,300.136657431722,"B"
"cell1618",322.027627611533,226.046127732843,"C"
"cell1619",42.1170077752322,638.42404820025,"C"
"cell1620",892.7099222783,279.024854302406,"B"
"cell1621",638.105145189911,471.430473960936,"D"
"cell1622",554.493116214871,922.835612669587,"B"
"cell1623",766.32994809188,447.039629099891,"A"
"cell1624",96.8612944707274,176.126699196175,"C"
"cell1625",748.016487574205,464.907581685111,"B"
"cell1626",875.217987690121,867.13677062653,"C"
"cell1627",7.66859552823007,820.635310839862,"C"
"cell1628",934.916985454038,945.926673477516,"C"
"cell1629",406.965658068657,512.540388619527,"C"
"cell1630",788.763389689848,105.226350249723,"C"
"cell1631",976.127624511719,912.915701977909,"C"
"cell1632",333.40254588984,989.705915795639,"C"
"cell1633",787.214820971712,545.18087557517,"B"
"cell1634",89.3609160557389,412.231551017612,"B"
"cell1635",43.6999020166695,569.187722867355,"C"
"cell1636",514.933738159016,935.180360917002,"B"
"cell1637",48.0893275234848,478.674574755132,"B"
"cell1638",89.1961276065558,444.759102305397,"B"
"cell1639",688.325521536171,335.506540024653,"B"
"cell1640",34.8385337274522,61.9698725640774,"B"
"cell1641",430.910924449563,582.350987708196,"A"
"cell1642",759.294051211327,172.415588283911,"C"
"cell1643",831.796954618767,839.626242173836,"B"
"cell1644",382.462516892701,281.323125585914,"C"
"cell1645",615.554818883538,792.136813048273,"B"
"cell1646",344.986650394276,729.115832597017,"A"
"cell1647",532.278774073347,840.376283740625,"C"
"cell1648",260.009106947109,494.808007031679,"D"
"cell1649",572.860622312874,958.429436432198,"B"
"cell1650",905.846678419039,76.8314378801733,"C"
"cell1651",566.021878505126,639.469825197011,"C"
"cell1652",56.4868177752942,847.690366907045,"B"
"cell1653",102.113745408133,561.875630170107,"C"
"cell1654",328.341855900362,583.87052314356,"A"
"cell1655",990.600507240742,939.763181842864,"B"
"cell1656",714.365339372307,304.402521578595,"C"
"cell1657",78.9741838816553,474.45739316754,"C"
"cell1658",614.216449437663,829.457030398771,"C"
"cell1659",493.233672808856,156.67472477071,"A"
"cell1660",269.097654847428,931.832061614841,"C"
"cell1661",293.110862839967,185.956565197557,"A"
"cell1662",475.278300233185,292.823452502489,"B"
"cell1663",964.078546268865,256.39015971683,"A"
"cell1664",423.63210208714,110.538738546893,"D"
"cell1665",844.097095774487,75.8171298075467,"C"
"cell1666",953.827351331711,38.5264467913657,"C"
"cell1667",286.47352475673,921.931521734223,"B"
"cell1668",540.84939789027,734.411330427974,"A"
"cell1669",581.378317903727,276.294294511899,"D"
"cell1670",256.286894436926,351.5303095337,"C"
"cell1671",878.083968302235,868.423911510035,"C"
"cell1672",882.302387617528,770.549261942506,"C"
"cell1673",987.334684701636,991.439095698297,"B"
"cell1674",101.620901143178,977.680684765801,"C"
"cell1675",618.775002192706,343.368733068928,"C"
"cell1676",704.73376987502,893.29923922196,"C"
"cell1677",148.588430834934,644.349195063114,"B"
"cell1678",890.810591634363,294.057350140065,"C"
"cell1679",162.670300109312,282.546579372138,"C"
"cell1680",121.866469504312,55.1484022289515,"B"
"cell1681",977.556857280433,998.245501425117,"B"
"cell1682",627.1102654282,960.609719855711,"B"
"cell1683",19.1994300112128,140.312851639464,"D"
"cell1684",829.164144583046,956.602332415059,"C"
"cell1685",998.877475271001,880.699609406292,"B"
"cell1686",868.095516227186,232.670544181019,"C"
"cell1687",396.91107487306,807.741238968447,"C"
"cell1688",936.241782503203,927.309012506157,"C"
"cell1689",324.772896012291,824.11622419022,"C"
"cell1690",972.447561565787,852.797179482877,"C"
"cell1691",562.598453834653,847.243185853586,"D"
"cell1692",579.329037806019,787.992113037035,"B"
"cell1693",824.690353590995,730.053582461551,"C"
"cell1694",198.444477515295,286.808314500377,"B"
"cell1695",618.989635026082,728.469291003421,"B"
"cell1696",224.564614938572,547.037804732099,"A"
"cell1697",25.2237301319838,185.957584530115,"D"
"cell1698",756.505124736577,353.126357542351,"C"
"cell1699",638.156944653019,674.378331983462,"B"
"cell1700",57.8689130488783,820.698642637581,"C"
"cell1701",673.797813244164,353.937219595537,"A"
"cell1702",691.544770728797,415.153437526897,"C"
"cell1703",745.228959713131,997.745630564168,"C"
"cell1704",124.061870621517,868.331929203123,"D"
"cell1705",151.17178671062,768.0357710924,"A"
"cell1706",177.430625306442,506.533620646223,"A"
"cell1707",8.86946776881814,799.69125520438,"D"
"cell1708",633.788643172011,126.471027033404,"B"
"cell1709",372.750885086134,13.2211919408292,"D"
"cell1710",277.720049023628,857.732499018312,"C"
"cell1711",172.508500749245,92.177655082196,"B"
"cell1712",203.711141366512,627.211139071733,"C"
"cell1713",221.870881738141,164.368582423776,"A"
"cell1714",253.431504592299,256.299218395725,"D"
"cell1715",170.097689377144,278.576380573213,"B"
"cell1716",921.676764031872,217.877135844901,"C"
"cell1717",345.313458470628,285.013138549402,"A"
"cell1718",85.109209176153,170.079083181918,"D"
"cell1719",377.817805157974,740.095858229324,"C"
"cell1720",543.34351955913,490.103221265599,"C"
"cell1721",787.010926054791,406.20927233249,"C"
"cell1722",320.313527714461,885.154942283407,"B"
"cell1723",838.038518326357,382.631018292159,"C"
"cell1724",998.470485210419,762.67217588611,"C"
"cell1725",213.442992419004,882.890816545114,"C"
"cell1726",437.296491349116,331.475715618581,"D"
"cell1727",378.729996271431,17.4748271238059,"A"
"cell1728",965.576708549634,781.025369884446,"C"
"cell1729",641.116502229124,470.790860708803,"D"
"cell1730",806.135333841667,50.3344901371747,"C"
"cell1731",919.062188826501,806.041994364932,"C"
"cell1732",58.6224480066448,749.882015865296,"C"
"cell1733",477.642855606973,858.747134683654,"C"
"cell1734",696.882788324729,915.809215046465,"C"
"cell1735",44.6715094149113,418.453009799123,"D"
"cell1736",756.854316918179,848.111724015325,"C"
"cell1737",591.673724818975,332.284449134022,"C"
"cell1738",510.140463011339,145.493195159361,"D"
"cell1739",452.601766446605,427.703554742038,"C"
"cell1740",25.4819660913199,289.761925814673,"B"
"cell1741",961.843609344214,333.205586997792,"B"
"cell1742",987.627439666539,389.244145480916,"B"
"cell1743",634.359558112919,335.560646606609,"B"
"cell1744",425.541346892715,109.029030194506,"D"
"cell1745",266.625905176625,87.8969558980316,"C"
"cell1746",80.5694879963994,904.485720908269,"B"
"cell1747",330.141563434154,422.072264598683,"D"
"cell1748",894.050102913752,30.8967877645046,"B"
"cell1749",306.675198487937,592.552592745051,"A"
"cell1750",402.42384118028,440.376072656363,"C"
"cell1751",573.791397502646,288.693242240697,"D"
"cell1752",596.988384379074,427.234515780583,"B"
"cell1753",570.017137564719,132.784375688061,"A"
"cell1754",218.071287963539,468.888859497383,"D"
"cell1755",820.126744452864,51.4836322981864,"C"
"cell1756",36.6557808592916,483.534810133278,"B"
"cell1757",625.582814915106,349.0731860511,"A"
"cell1758",433.478938182816,877.943760482594,"C"
"cell1759",356.92613851279,957.522455370054,"B"
"cell1760",773.667640052736,327.358053298667,"B"
"cell1761",173.452047863975,288.251393241808,"B"
"cell1762",493.208973202854,974.585211602971,"B"
"cell1763",737.188908504322,262.172886403278,"B"
"cell1764",511.001022765413,806.365065742284,"B"
"cell1765",475.086916005239,997.293636668473,"C"
"cell1766",587.899940554053,858.123119222,"B"
"cell1767",572.537379339337,25.1586968079209,"C"
"cell1768",654.917740728706,38.9354524668306,"D"
"cell1769",865.125555777922,556.66848202236,"B"
"cell1770",396.846375893801,219.660270027816,"B"
"cell1771",960.116155678406,746.814439538866,"C"
"cell1772",380.877255229279,548.451942158863,"A"
"cell1773",170.088279992342,316.101830685511,"A"
"cell1774",231.604878557846,198.190840892494,"A"
"cell1775",949.920209357515,881.732020992786,"B"
"cell1776",83.5081576369703,161.363870836794,"D"
"cell1777",193.044015904889,789.716308237985,"B"
"cell1778",74.695295188576,921.758247772232,"B"
"cell1779",605.016008019447,521.260639186949,"A"
"cell1780",215.842896373942,20.3643825370818,"A"
"cell1781",587.987260660157,121.535250218585,"A"
"cell1782",228.897603228688,220.305431401357,"C"
"cell1783",390.925179235637,626.784958876669,"A"
"cell1784",347.905913367867,716.503412462771,"B"
"cell1785",918.379402486607,374.187414767221,"C"
"cell1786",112.039123661816,430.000867228955,"C"
"cell1787",254.976143594831,187.82216636464,"A"
"cell1788",186.624069930986,170.68098206073,"C"
"cell1789",745.543522993103,560.121854767203,"C"
"cell1790",932.968782261014,952.005691127852,"C"
"cell1791",494.711893843487,718.828025972471,"B"
"cell1792",644.993681227788,611.078579211608,"C"
"cell1793",175.802586833015,468.449970474467,"D"
"cell1794",602.994646178558,25.9514320641756,"C"
"cell1795",887.757665943354,801.994697889313,"B"
"cell1796",490.209404379129,329.534132033587,"B"
"cell1797",18.3835725765675,6.01890846155584,"D"
"cell1798",179.39079226926,942.850269610062,"C"
"cell1799",299.391138367355,769.887712784111,"B"
"cell1800",276.964061195031,976.159376790747,"B"
"cell1801",61.6094244178385,284.00175482966,"B"
"cell1802",355.32134771347,748.254963662475,"B"
"cell1803",577.037754002959,612.767340848222,"C"
"cell1804",535.031558480114,512.801430653781,"D"
"cell1805",604.272830300033,874.437238555402,"B"
"cell1806",486.148978350684,13.2819041609764,"A"
"cell1807",131.626568036154,555.495660053566,"C"
"cell1808",964.57004873082,924.096579663455,"B"
"cell1809",742.461576359347,535.429883049801,"B"
"cell1810",366.839384660125,227.849250426516,"C"
"cell1811",150.825294898823,4.26723924465477,"C"
"cell1812",226.939673302695,674.74200646393,"C"
"cell1813",745.116808917373,111.760105704889,"B"
"cell1814",50.592377781868,114.785871468484,"B"
"cell1815",593.993296846747,773.117371369153,"B"
"cell1816",153.250648407266,725.970957195386,"C"
"cell1817",762.78072502464,78.3975780941546,"B"
"cell1818",995.281064882874,5.10848499834538,"B"
"cell1819",173.998110694811,455.259998561814,"D"
"cell1820",619.130822597072,989.025634946302,"B"
"cell1821",537.983173970133,619.448245270178,"B"
"cell1822",818.258262239397,237.372878007591,"C"
"cell1823",321.746907196939,361.664640251547,"C"
"cell1824",582.326936768368,742.622322868556,"C"
"cell1825",70.9323794580996,197.317335521802,"A"
"cell1826",570.644013117999,26.2142333667725,"A"
"cell1827",560.67725061439,71.9839727971703,"A"
"cell1828",434.170939493924,581.832582363859,"A"
"cell1829",961.94878523238,604.207064723596,"C"
"cell1830",711.271684383973,982.604904100299,"B"
"cell1831",258.469532011077,28.2371218781918,"D"
"cell1832",925.67753768526,862.138818949461,"B"
"cell1833",420.811663148925,177.42281104438,"A"
"cell1834",816.300745587796,659.622746752575,"C"
"cell1835",754.665047628805,455.581671092659,"C"
"cell1836",412.143304478377,315.793792251498,"D"
"cell1837",514.416832011193,167.213704204187,"D"
"cell1838",542.284718481824,429.882332216948,"A"
"cell1839",974.024304188788,435.299002565444,"B"
"cell1840",73.637954890728,998.813308309764,"B"
"cell1841",769.50380532071,805.156203918159,"B"
"cell1842",872.554909205064,336.91137121059,"C"
"cell1843",989.865584531799,507.219970459118,"B"
"cell1844",965.147644048557,290.489595383406,"B"
"cell1845",636.421318631619,554.588325321674,"D"
"cell1846",65.3892939444631,265.910958871245,"B"
"cell1847",128.414754988626,945.077045354992,"C"
"cell1848",492.784780450165,126.765631139278,"C"
"cell1849",663.244860246778,455.688889371231,"C"
"cell1850",189.378713723272,654.302526731044,"C"
"cell1851",177.598393289372,612.352547002956,"C"
"cell1852",115.560325561091,568.944267230108,"A"
"cell1853",156.952400226146,23.6329433973879,"C"
"cell1854",857.4108495377,883.386893197894,"B"
"cell1855",424.86053169705,512.261637486517,"C"
"cell1856",878.341671079397,670.730007812381,"C"
"cell1857",824.826563941315,223.625832237303,"B"
"cell1858",978.819616837427,102.729415055364,"C"
"cell1859",634.543015854433,110.473620006815,"C"
"cell1860",691.523276036605,375.896577723324,"B"
"cell1861",792.183339362964,841.91673132591,"C"
"cell1862",34.1706455219537,538.620322709903,"A"
"cell1863",819.993681041524,491.406876128167,"C"
"cell1864",687.636162620038,987.831338075921,"B"
"cell1865",431.776891928166,827.752581331879,"B"
"cell1866",243.875786894932,146.671165479347,"A"
"cell1867",8.14770301803946,181.809379486367,"B"
"cell1868",421.106143388897,407.244702801108,"D"
"cell1869",786.956907948479,8.14834819175303,"C"
"cell1870",595.592122757807,786.297707818449,"C"
"cell1871",984.963058726862,564.716395223513,"B"
"cell1872",528.043455909938,265.264114132151,"C"
"cell1873",523.278417764232,827.212975826114,"B"
"cell1874",786.444804864004,324.715558206663,"B"
"cell1875",87.7224092837423,994.529931340367,"C"
"cell1876",256.111980648711,239.496344001964,"B"
"cell1877",356.60412022844,812.511944910511,"C"
"cell1878",249.05545799993,36.6195442620665,"A"
"cell1879",175.018487730995,855.527029372752,"C"
"cell1880",572.922080755234,1.16199813783169,"B"
"cell1881",483.393148286268,269.030461087823,"C"
"cell1882",809.948969166726,461.208982625976,"A"
"cell1883",750.51523395814,637.901386246085,"C"
"cell1884",347.443797625601,97.3528381437063,"D"
"cell1885",806.874484289438,317.276554880664,"B"
"cell1886",251.76422810182,575.807736022398,"C"
"cell1887",592.963553965092,663.508058292791,"B"
"cell1888",156.215733382851,791.351313237101,"B"
"cell1889",175.159651553258,118.293810170144,"A"
"cell1890",226.377300918102,231.169059406966,"A"
"cell1891",791.963252006099,350.582031533122,"B"
"cell1892",388.376479735598,458.335949108005,"C"
"cell1893",911.222032504156,72.1909771673381,"B"
"cell1894",121.8470511958,243.369071977213,"A"
"cell1895",987.835156964138,518.254502210766,"B"
"cell1896",755.28792059049,501.254438888282,"C"
"cell1897",310.775833902881,674.529788084328,"C"
"cell1898",19.8653580155224,199.540129397064,"B"
"cell1899",682.283061323687,522.952783387154,"A"
"cell1900",438.736066687852,246.978639159352,"C"
"cell1901",883.700705366209,261.5110501647,"C"
"cell1902",74.2437855806202,801.221817964688,"B"
"cell1903",453.66955595091,405.676354188472,"B"
"cell1904",888.036270625889,266.299674520269,"B"
"cell1905",700.159241678193,50.2015422098339,"C"
"cell1906",304.615611210465,811.8524516467,"B"
"cell1907",584.890802390873,411.933311028406,"B"
"cell1908",870.453770039603,589.451455278322,"B"
"cell1909",446.52355927974,37.9020404070616,"C"
"cell1910",337.37303968519,287.367034470662,"A"
"cell1911",566.908608656377,493.830243125558,"C"
"cell1912",415.764981647953,291.815681150183,"B"
"cell1913",832.66066480428,960.031080758199,"B"
"cell1914",153.707588091493,629.487839993089,"A"
"cell1915",658.649043180048,759.347913088277,"C"
"cell1916",1.02681899443269,225.582466460764,"B"
"cell1917",320.450928527862,930.699282558635,"B"
"cell1918",950.132880592719,878.01841692999,"C"
"cell1919",12.5525095500052,911.954281385988,"C"
"cell1920",79.0907654445618,390.361216617748,"C"
"cell1921",213.288370519876,370.715910103172,"C"
"cell1922",994.843258988112,292.225106153637,"A"
"cell1923",492.03958758153,641.883824951947,"A"
"cell1924",627.634118078277,389.997333055362,"C"
"cell1925",5.96133503131568,33.8000932242721,"A"
"cell1926",285.853998735547,583.98018614389,"C"
"cell1927",986.480417195708,814.279590034857,"C"
"cell1928",757.692324928939,572.280898224562,"C"
"cell1929",68.2749908883125,236.031974665821,"D"
"cell1930",810.763978632167,113.631349755451,"C"
"cell1931",122.871407074854,826.521859038621,"C"
"cell1932",409.918360644951,939.973018830642,"C"
"cell1933",927.543645258993,30.6616220623255,"C"
"cell1934",554.208239307627,41.1253825295717,"C"
"cell1935",14.2666143365204,874.309754930437,"C"
"cell1936",967.365281190723,352.220267057419,"C"
"cell1937",770.065532531589,307.485260767862,"C"
"cell1938",79.9524132162333,871.18188617751,"B"
"cell1939",365.419848356396,923.051160294563,"C"
"cell1940",480.426545254886,490.252809599042,"A"
"cell1941",675.760691985488,492.284960579127,"B"
"cell1942",786.447250749916,185.023497324437,"C"
"cell1943",810.058057308197,261.712845647708,"C"
"cell1944",78.677503624931,348.247224697843,"B"
"cell1945",168.914441019297,690.853481413797,"C"
"cell1946",36.7327940184623,140.372309833765,"A"
"cell1947",240.142308874056,476.776043185964,"B"
"cell1948",912.195181939751,832.619810011238,"B"
"cell1949",1.36347976513207,265.586382243782,"C"
"cell1950",227.300448110327,775.234733475372,"B"
"cell1951",168.262931751087,185.494924196973,"A"
"cell1952",149.762514978647,390.233527868986,"D"
"cell1953",648.097161203623,992.025062208995,"C"
"cell1954",485.572549281642,146.795924985781,"C"
"cell1955",693.244319409132,171.145766507834,"C"
"cell1956",289.669456658885,132.664274657145,"A"
"cell1957",978.671659715474,711.97082917206,"B"
"cell1958",288.126329425722,911.851749988273,"C"
"cell1959",525.764521211386,416.281843557954,"B"
"cell1960",77.8222696390003,784.835475031286,"B"
"cell1961",678.553835256025,154.373486759141,"C"
"cell1962",181.949716527015,12.2919178102165,"C"
"cell1963",529.804455116391,82.2354448027909,"C"
"cell1964",801.678828895092,519.093003123999,"B"
"cell1965",313.187195919454,68.292502546683,"A"
"cell1966",691.273411735892,810.592334251851,"B"
"cell1967",773.044522618875,79.8554408829659,"C"
"cell1968",261.793632525951,154.718979028985,"C"
"cell1969",678.760153008625,67.2961501404643,"B"
"cell1970",992.143295938149,437.049824511632,"C"
"cell1971",551.487519871444,753.689459292218,"B"
"cell1972",930.684473598376,12.1625945903361,"B"
"cell1973",207.40434480831,406.420856714249,"C"
"cell1974",229.959039483219,411.65281063877,"B"
"cell1975",483.98658935912,977.203529328108,"C"
"cell1976",461.059393826872,221.40681813471,"C"
"cell1977",782.721356954426,736.711106961593,"B"
"cell1978",0.605266075581312,823.753194883466,"C"
"cell1979",750.623380066827,950.343935750425,"B"
"cell1980",830.732437549159,98.5238691791892,"B"
"cell1981",314.671236323193,692.418950377032,"A"
"cell1982",712.033160030842,284.22638704069,"B"
"cell1983",251.71154923737,801.075034309179,"B"
"cell1984",309.347498230636,831.794714787975,"B"
"cell1985",695.954847149551,679.838558426127,"C"
"cell1986",423.095647012815,416.039432166144,"C"
"cell1987",852.890213020146,343.821749091148,"B"
"cell1988",534.399916650727,296.874676598236,"A"
"cell1989",548.17751632072,822.133605368435,"D"
"cell1990",845.543978502974,500.879856059328,"B"
"cell1991",377.029079943895,496.786301257089,"C"
"cell1992",166.043678531423,364.361931569874,"B"
"cell1993",189.248028676957,849.381481064484,"D"
"cell1994",856.867816066369,313.532576197758,"B"
"cell1995",337.503234623,212.108394829556,"C"
"cell1996",775.028235046193,585.793458623812,"B"
"cell1997",69.0702020656317,842.366850702092,"C"
"cell1998",240.949265658855,125.383907929063,"D"
"cell1999",242.80183785595,377.530383877456,"C"
"cell2000",387.112989090383,671.603712253273,"C"
