"","celltypes","x","y"
"1","C",466.295241378248,849.14075373672
"2","C",207.823317032307,719.765054062009
"3","D",799.657957628369,74.1319598164409
"4","C",651.871317764744,268.007691949606
"5","A",321.509178960696,493.58779238537
"6","D",718.927504029125,687.174458289519
"7","C",290.873386897147,300.034100189805
"8","A",932.269813260064,682.204105658457
"9","D",769.146954407915,842.770229792222
"10","D",644.491136772558,540.260844863951
"11","C",457.044888520613,157.831369433552
"12","C",89.3010105937719,312.020463170484
"13","A",432.391373440623,595.563440350816
"14","D",544.962115585804,277.38875313662
"15","A",138.224346097559,156.485801795498
"16","C",927.812252193689,323.102239519358
"17","B",1.30172143690288,525.56150755845
"18","C",264.458863530308,499.116278020665
"19","A",276.532246964052,882.171944947913
"20","B",521.107041742653,814.524672459811
"21","A",223.688923520967,104.720917064697
"22","A",407.924751052633,902.792733861133
"23","B",614.87574945204,411.61468392238
"24","C",214.97376030311,655.192272271961
"25","C",663.267976371571,569.453593809158
"26","D",977.502698078752,341.033873381093
"27","B",97.7482709567994,840.39422753267
"28","C",611.932659056038,735.351451672614
"29","B",527.618649648502,603.116821730509
"30","D",817.365611670539,135.879987617955
"31","A",208.097996888682,911.020976258442
"32","D",623.149050399661,371.167172444984
"33","B",934.58706070669,517.712836619467
"34","C",182.92919639498,861.140007153153
"35","C",392.961387755349,161.323519423604
"36","C",342.999592190608,207.664932822809
"37","B",940.413464792073,549.300068058074
"38","D",948.384063551202,489.84630452469
"39","A",406.192688271403,962.086049141362
"40","B",743.738999124616,347.511705709621
"41","B",900.275485822931,146.178485359997
"42","A",288.716116920114,931.49237590842
"43","C",496.214238926768,246.214550687
"44","A",875.936153111979,849.827800877392
"45","B",344.547775108367,510.287740267813
"46","C",263.572050025687,862.652706680819
"47","C",508.770293323323,741.103545529768
"48","B",176.506428048015,720.470438245684
"49","A",959.312873426825,587.842768291011
"50","C",104.455032385886,928.768291836604
"51","B",134.109322912991,813.003493938595
"52","C",67.1308587770909,542.369943577796
"53","C",144.460984971374,829.847219400108
"54","C",345.207897014916,774.47942038998
"55","D",974.481071811169,640.816099476069
"56","A",280.831134645268,273.484764155
"57","D",726.648105308414,672.708610072732
"58","B",355.61981331557,643.060571979731
"59","B",21.6601022984833,996.627431362867
"60","A",861.73898470588,940.207329811528
"61","B",934.05307456851,394.812833052129
"62","B",997.600238770247,513.626831118017
"63","C",832.404600456357,847.991742193699
"64","A",648.55297585018,527.439773082733
"65","C",60.105161042884,2.74860253557563
"66","A",52.5316703133285,58.6940250359476
"67","C",219.571156427264,309.74303255789
"68","C",131.932634627447,107.500787824392
"69","B",896.305571310222,813.508760882542
"70","C",314.204876311123,607.488025678322
"71","C",665.840341476724,349.272070685402
"72","C",496.594574768096,479.242014000192
"73","A",800.828292965889,862.504937220365
"74","C",671.971040312201,451.309144729748
"75","C",242.228974122554,991.143552586436
"76","D",614.041754975915,569.05265012756
"77","B",474.141821265221,536.993785994127
"78","D",920.169606339186,540.45828897506
"79","C",681.173793738708,794.061103835702
"80","D",870.288668200374,344.231207855046
"81","A",641.884527401999,763.16054794006
"82","D",677.956100087613,134.274608222768
"83","A",269.42401425913,434.536226093769
"84","A",814.632794819772,667.530202306807
"85","C",590.545837767422,787.598912138492
"86","B",278.824895620346,704.275596421212
"87","A",396.638813661411,51.9658355042338
"88","A",299.619686789811,519.40495474264
"89","A",729.915018193424,761.293837334961
"90","C",255.497397854924,999.193266499788
"91","A",25.1377478707582,900.395431788638
"92","A",715.213872725144,605.651267338544
"93","B",253.502800362185,578.524904558435
"94","D",585.201133275405,265.982544748113
"95","D",611.713392892852,984.563825884834
"96","D",218.392020557076,138.211471261457
"97","B",605.926639866084,435.058256844059
"98","C",469.540477031842,28.3652693033218
"99","B",261.052251793444,203.514753142372
"100","C",374.688180396333,284.337365301326
"101","D",859.918063972145,339.303847867996
"102","B",137.759185163304,436.658176593482
"103","D",357.501083984971,936.921494081616
"104","B",424.488677177578,815.754224313423
"105","B",722.191906766966,147.348338039592
"106","D",751.64005998522,584.794673835859
"107","C",461.722183274105,590.159729355946
"108","B",652.12317276746,114.844039781019
"109","B",834.352252539247,225.042056059465
"110","A",809.392158174887,752.856569131836
"111","B",718.526215525344,921.264824923128
"112","B",875.86273951456,967.264413367957
"113","A",218.528209719807,885.779095580801
"114","A",351.394878234714,278.862789738923
"115","B",273.972575552762,714.55699740909
"116","B",554.568195249885,68.5982729773968
"117","C",66.8953901622444,912.737605860457
"118","C",898.254090221599,694.93288337253
"119","B",774.624449200928,420.677630230784
"120","D",941.403539851308,824.521263130009
"121","A",711.336822714657,783.83417474106
"122","B",337.41296431981,423.037379980087
"123","D",537.793794181198,963.390739401802
"124","C",321.08872034587,175.812351983041
"125","A",37.4201873783022,364.392114104703
"126","B",31.0181949753314,883.266428252682
"127","B",133.759875316173,647.141796769574
"128","A",122.002023039386,56.59075290896
"129","A",394.562202272937,359.571566339582
"130","B",972.427535802126,603.341288631782
"131","D",140.817636391148,715.122611029074
"132","B",652.157267788425,251.379468478262
"133","A",311.659567058086,958.413682878017
"134","C",848.26168208383,943.63028765656
"135","B",949.413982918486,118.040285771713
"136","D",826.355824479833,656.317213317379
"137","C",654.234047979116,562.219880288467
"138","C",546.071118908003,538.87565783225
"139","C",55.0133273936808,451.373574091122
"140","A",106.366119347513,332.270500948653
"141","A",71.0942049045116,330.071508651599
"142","C",45.3048865310848,903.699348680675
"143","D",850.862076040357,576.688337372616
"144","B",980.078327003866,559.656985569745
"145","D",783.136817160994,186.867099255323
"146","B",292.564738309011,691.026394022629
"147","C",316.6467261035,957.345692906529
"148","B",910.727002425119,898.719980148599
"149","B",537.455201614648,333.701638272032
"150","B",919.608684256673,964.103542268276
"151","B",725.406670244411,245.717699173838
"152","C",683.747987262905,917.557285865769
"153","C",1.88195728696883,744.588693836704
"154","C",447.753544896841,850.623356411234
"155","D",720.287806587294,225.238553481176
"156","C",481.346247019246,486.075235065073
"157","D",991.251252125949,262.733790557832
"158","B",50.9648728184402,518.484807107598
"159","B",259.054824942723,795.971266925335
"160","C",287.27424913086,159.490551333874
"161","B",596.024016849697,587.36877492629
"162","D",660.544582176954,971.166752278805
"163","C",214.911897201091,513.074803864583
"164","B",736.21234530583,545.042213751003
"165","C",137.043413706124,863.785717170686
"166","C",361.764780711383,937.512697186321
"167","D",979.553212411702,376.451328629628
"168","A",111.677972599864,938.968230504543
"169","B",46.3490569964051,434.609743999317
"170","B",617.866408545524,473.191822180524
"171","C",887.870944337919,232.857265044004
"172","D",96.7834480106831,146.048033377156
"173","B",461.870074737817,576.083832420409
"174","B",967.750097392127,501.731743570417
"175","A",170.702077914029,110.052134376019
"176","B",926.503518363461,573.618785012513
"177","A",726.168412715197,481.482709757984
"178","D",810.754159931093,12.7632287330925
"179","C",1.28689641132951,767.29072094895
"180","C",860.794513020664,941.29250315018
"181","B",779.197161085904,321.483581559733
"182","A",394.596082856879,951.666316017509
"183","B",941.669270861894,997.872812440619
"184","C",312.274308642372,388.414417859167
"185","B",307.58170504123,258.687119465321
"186","B",846.405937103555,727.016440359876
"187","D",268.324513919652,104.136544978246
"188","C",397.300092037767,272.652947809547
"189","C",88.2785483263433,63.662254717201
"190","A",94.0454197116196,209.18758912012
"191","C",779.079435626045,792.247048346326
"192","D",968.376541510224,453.584355302155
"193","B",629.099435405806,308.486198773608
"194","D",660.883251344785,72.94100522995
"195","C",482.394145103171,513.66343582049
"196","D",762.902433983982,306.738848332316
"197","C",261.985152726993,28.703429736197
"198","C",423.163312720135,810.888730688021
"199","C",472.382281906903,462.110007880256
"200","C",739.727437729016,728.752822848037
"201","B",616.709977155551,927.081848261878
"202","D",355.97813129425,294.59202545695
"203","D",28.6789394449443,548.228781670332
"204","D",662.024960620329,503.921969328076
"205","C",49.7414565179497,428.952165413648
"206","C",370.233132271096,440.192027948797
"207","C",37.6686481758952,166.09717416577
"208","D",67.3404620029032,628.984901122749
"209","A",513.937565265223,563.031572150066
"210","B",338.53968908079,254.929678980261
"211","D",310.460162581876,612.370008835569
"212","D",125.788191333413,109.059613198042
"213","C",728.255333378911,934.195486130193
"214","C",4.58674319088459,862.874552607536
"215","C",357.792789116502,833.493038546294
"216","C",493.564194068313,874.266745522618
"217","B",566.682536387816,895.829452900216
"218","C",211.796304676682,688.944421242923
"219","B",714.514712803066,311.592264100909
"220","D",558.362357085571,444.12585021928
"221","C",438.142407452688,687.716809799895
"222","A",178.586872527376,32.9032307490706
"223","C",201.019820990041,51.0789721738547
"224","C",573.17741937004,605.444866232574
"225","B",707.815602654591,211.18222316727
"226","C",263.404701370746,273.698598379269
"227","D",138.289022492245,797.077139141038
"228","A",223.320346791297,955.386521760374
"229","B",926.722380332649,637.489059474319
"230","D",797.455504070967,14.0869221650064
"231","B",917.275390587747,353.010046295822
"232","B",623.492673970759,491.541902069002
"233","B",602.602064143866,60.548422858119
"234","A",291.820929618552,393.686989089474
"235","B",925.577889895067,293.004541890696
"236","C",252.996335504577,646.809471771121
"237","B",116.779435658827,539.637308102101
"238","C",950.832641217858,699.605108937249
"239","C",382.703000912443,348.66223204881
"240","C",944.590895436704,370.606078300625
"241","C",126.226934604347,63.3703130297363
"242","A",733.882314991206,566.009822068736
"243","C",42.5768645945936,89.460261631757
"244","D",17.7556842099875,297.601161291823
"245","A",355.808408698067,726.04572144337
"246","D",158.701724372804,608.792372047901
"247","B",965.778236277401,867.613695561886
"248","A",525.390451774001,565.912920515984
"249","C",683.52890596725,831.441667396575
"250","A",688.073799945414,508.292212616652
"251","D",555.886692600325,340.638206107542
"252","A",876.64163718,637.853949563578
"253","C",42.1715024858713,148.654110264033
"254","B",825.826848391443,518.20792676881
"255","D",608.930121408775,648.013857658952
"256","D",974.932414945215,544.371641939506
"257","D",86.479130666703,163.455484667793
"258","C",545.214117737487,699.884310131893
"259","D",798.260435229167,479.245929280296
"260","B",925.947235431522,760.842073475942
"261","D",986.98028549552,577.071788255125
"262","B",513.361711287871,674.031923525035
"263","C",568.386171711609,996.2337766774
"264","B",586.922014597803,321.082795038819
"265","C",66.7304610833526,36.2980717327446
"266","A",653.197566047311,630.708173383027
"267","C",89.0517504885793,775.723606813699
"268","B",615.846788743511,493.838788475841
"269","C",8.17332533188164,191.394080873579
"270","B",790.07701901719,324.908507289365
"271","A",786.262659123167,517.565220594406
"272","B",496.026264037937,873.911574250087
"273","B",671.439418802038,259.404567070305
"274","D",943.012725794688,849.100410705432
"275","D",692.808204563335,334.268339211121
"276","A",358.528004027903,108.408017084002
"277","D",923.366251634434,569.719800725579
"278","B",587.053569732234,949.15295438841
"279","C",33.4692371543497,747.324226424098
"280","A",607.550109503791,549.192920094356
"281","B",910.328843863681,795.593828661367
"282","B",62.814285280183,750.91338576749
"283","D",992.634881753474,814.485850743949
"284","A",527.6770000346,617.337368661538
"285","A",750.776758650318,953.793750144541
"286","C",263.476334279403,662.524063372985
"287","B",24.477654369548,814.854051917791
"288","D",638.173618819565,72.7898590266705
"289","C",532.033055555075,117.710166843608
"290","B",59.3457408249378,978.96112408489
"291","A",240.476929582655,141.906643752009
"292","C",160.996927181259,207.107288762927
"293","C",724.83053128235,879.432304762304
"294","A",407.234336715192,264.349643839523
"295","C",786.91993188113,722.263199742883
"296","B",696.911893552169,243.3486150112
"297","C",151.308851782233,591.536250431091
"298","A",26.0994781274348,751.048451755196
"299","A",337.415574584156,717.413012636825
"300","B",931.677471613511,490.087747573853
"301","C",563.59535898082,704.400361748412
"302","C",375.403034733608,379.166211001575
"303","B",286.213642684743,661.673490423709
"304","B",684.338133782148,359.367304947227
"305","A",589.985061436892,485.602458473295
"306","B",151.305999839678,688.344057416543
"307","C",601.441059960052,692.842110758647
"308","A",726.443279534578,502.487881341949
"309","A",367.79433535412,285.112955141813
"310","C",132.244622334838,944.393522804603
"311","B",619.654100388288,507.32092699036
"312","A",753.824517130852,729.025307809934
"313","B",765.601278049871,127.659496618435
"314","A",481.949612265453,4.66196471825242
"315","B",246.617282507941,677.075681276619
"316","A",504.241527989507,651.615413837135
"317","D",745.849618921056,685.053126886487
"318","D",977.267595473677,498.926004394889
"319","D",957.774061709642,320.73789415881
"320","A",404.313198523596,744.920219294727
"321","C",626.025784760714,840.31437523663
"322","B",825.851830421016,73.7758530303836
"323","C",717.799158068374,361.600277014077
"324","A",182.880720356479,360.612503951415
"325","B",79.2709973175079,751.679670764133
"326","B",47.4361525848508,754.76035499014
"327","B",159.746068064123,835.774702485651
"328","B",565.111218253151,293.857570970431
"329","B",940.655379090458,214.601115789264
"330","A",110.580789158121,148.33121560514
"331","C",580.664610723034,541.373363230377
"332","A",371.015805285424,68.86902381666
"333","C",349.143155617639,684.259332483634
"334","A",358.956856885925,836.921089095995
"335","C",821.112961275503,258.405849337578
"336","C",418.713706545532,294.592440593988
"337","D",352.069615619257,974.272328196093
"338","C",275.229353923351,94.7736338712275
"339","B",771.635941695422,188.373182667419
"340","B",936.056844424456,636.054839938879
"341","A",118.368492927402,58.7311068084091
"342","B",211.932820500806,67.0689900871366
"343","A",608.886891743168,571.414495119825
"344","C",289.630125276744,216.987890424207
"345","C",360.838761553168,44.2468186374754
"346","C",679.096422158182,436.380262020975
"347","B",838.356053223833,381.969883106649
"348","C",28.5909040831029,413.134679896757
"349","A",394.644637824968,173.26362291351
"350","C",275.858718669042,745.671863900498
"351","B",684.396000113338,114.075686084107
"352","B",955.43860970065,983.270599041134
"353","D",778.584892163053,869.246624642983
"354","A",545.944248093292,901.163179194555
"355","B",826.248089317232,231.281840475276
"356","B",857.923133531585,329.403076320887
"357","C",146.121782250702,641.072528203949
"358","B",934.672984294593,211.090083699673
"359","B",844.617412891239,639.679056825116
"360","C",268.731623422354,765.584329608828
"361","B",104.889520676807,662.838807795197
"362","C",455.129944486544,949.507802259177
"363","A",351.756112184376,194.559774594381
"364","C",448.909655679017,217.332733329386
"365","D",582.810552092269,331.116898916662
"366","D",229.182945564389,951.731812441722
"367","C",450.358288362622,473.544511711225
"368","D",592.978764791042,429.053148487583
"369","B",985.606020083651,795.168393291533
"370","C",248.901476385072,186.593983322382
"371","C",532.685880782083,581.46822382696
"372","D",928.963695419952,879.344445187598
"373","D",982.661150861531,443.460473325104
"374","C",113.985564559698,684.51719195582
"375","B",849.512005224824,351.985146757215
"376","B",881.632552715018,331.671483581886
"377","B",421.454773051664,633.304340997711
"378","B",330.598909407854,531.848854152486
"379","C",149.348987499252,6.87034311704338
"380","D",933.289026143029,133.303296985105
"381","B",446.834095288068,456.277908058837
"382","B",301.086755469441,273.707975633442
"383","B",280.271152034402,206.164752366021
"384","A",217.231266666204,460.263706976548
"385","C",183.259966084734,678.321388084441
"386","B",601.719273021445,763.076020870358
"387","B",211.325145093724,570.618186146021
"388","D",917.800694471225,713.520361110568
"389","B",906.719418941066,36.8614851031452
"390","A",159.404766513035,471.660045674071
"391","C",850.639407755807,251.164960442111
"392","B",74.5390730444342,836.170429829508
"393","A",711.615717504174,965.378129156306
"394","B",808.449949370697,373.7878263928
"395","C",91.9756055809557,405.007336288691
"396","B",566.272587515414,227.465578587726
"397","B",27.1424141246825,508.530536200851
"398","B",254.687457345426,335.965079953894
"399","C",509.053380927071,177.420246880502
"400","C",139.843232929707,442.068269709125
"401","C",280.455660074949,775.294968159869
"402","C",859.981163637713,503.007847815752
"403","B",411.319662583992,607.663584174588
"404","C",385.686975903809,688.086110167205
"405","D",884.625980863348,298.024065326899
"406","D",899.334973655641,727.394885849208
"407","B",87.1400649193674,927.131902892143
"408","B",179.486388573423,874.582819407806
"409","C",491.993216332048,414.259256096557
"410","C",99.5995276607573,964.330472284928
"411","D",813.302875496447,8.4935266058892
"412","B",612.51137079671,498.691021464765
"413","A",488.887344952673,616.345857037231
"414","C",446.133893914521,924.466478871182
"415","D",189.608839107677,132.371017010882
"416","B",879.059866303578,223.072871332988
"417","D",777.960095088929,115.952817723155
"418","B",985.398941207677,959.380988497287
"419","B",164.138932945207,789.208788657561
"420","C",462.308403104544,109.350035432726
"421","B",702.049740822986,604.658979922533
"422","C",231.314997188747,258.670972893015
"423","B",825.08162339218,242.211560253054
"424","D",649.404624477029,490.834592841566
"425","A",635.399387683719,968.066725879908
"426","D",541.621971875429,981.105701299384
"427","C",231.602122541517,984.947494696826
"428","C",260.767308529466,441.670915111899
"429","D",761.285331798717,580.74131142348
"430","A",466.848744079471,383.44041374512
"431","C",373.45817964524,795.013816328719
"432","C",384.83791355975,57.8380124643445
"433","C",359.184832312167,287.111187586561
"434","B",854.193198727444,808.170065749437
"435","A",561.649762094021,530.640562064946
"436","B",566.047145286575,428.990262560546
"437","A",82.1269431617111,814.115684479475
"438","C",909.451548941433,772.864965721965
"439","B",915.153973503038,217.506314627826
"440","D",909.802644047886,941.862507490441
"441","B",193.478320259601,581.398857757449
"442","A",340.849671978503,150.933730881661
"443","C",96.3712462689728,909.889220492914
"444","B",898.646731162444,536.339197074994
"445","C",814.184054732323,393.169819377363
"446","D",97.4338287487626,974.866072647274
"447","C",189.327648840845,412.826898042113
"448","B",723.649826599285,211.116990540177
"449","D",338.478392455727,962.924430146813
"450","D",701.654184842482,309.816520893946
"451","B",483.79576485604,953.910546842963
"452","B",901.09526203014,976.776398485526
"453","B",557.087748544291,162.514766212553
"454","C",406.938295811415,597.061641979963
"455","B",538.839848944917,716.350311646238
"456","B",807.502319803461,558.173307683319
"457","B",566.090597771108,86.8661578278989
"458","B",325.748960487545,399.387524928898
"459","B",930.069796741009,896.553994854912
"460","B",789.203531574458,471.401452552527
"461","B",61.0511309932917,600.526072084904
"462","A",323.910655453801,53.7967414129525
"463","D",914.801147999242,209.092191886157
"464","B",758.737852564082,283.16613077186
"465","B",379.468513187021,385.798663133755
"466","A",813.370917923748,886.376403737813
"467","B",429.302733624354,564.009049674496
"468","D",20.0038026086986,762.488135136664
"469","D",799.788375152275,2.6223435997963
"470","B",65.888466546312,488.769056275487
"471","B",240.76164001599,748.489927267656
"472","B",821.279195835814,563.404098153114
"473","C",351.843354525045,793.685169424862
"474","B",869.180038105696,819.348157150671
"475","C",269.988609943539,673.045677365735
"476","B",196.313202613965,805.031478637829
"477","D",198.327575577423,808.385104872286
"478","B",424.919074168429,866.598557448015
"479","D",926.645907340571,972.373791504651
"480","D",819.320858689025,38.7681946158409
"481","B",149.068042170256,780.193098355085
"482","C",411.00223432295,784.915360622108
"483","A",509.836573619395,530.577476136386
"484","B",437.959488481283,397.357627749443
"485","B",805.711352732033,569.76221408695
"486","C",649.546849308535,399.424389470369
"487","B",760.616414947435,381.43082940951
"488","B",343.19443302229,585.722610354424
"489","A",262.203108984977,118.252756772563
"490","C",75.309926411137,381.719641387463
"491","D",818.259471096098,230.09622306563
"492","A",557.349529583007,940.938573563471
"493","B",280.03671229817,540.271690115333
"494","B",341.045632492751,545.808252179995
"495","B",532.317894278094,34.1195815708488
"496","C",9.47159808129072,864.540818147361
"497","C",482.593494001776,924.00908190757
"498","B",453.316218685359,345.92606103979
"499","B",608.490198850632,598.128451500088
"500","B",811.77665037103,13.4580601006746
"501","B",849.611076759174,598.89945294708
"502","C",172.394206048921,354.459110880271
"503","B",328.516466310248,518.869401654229
"504","A",451.540707144886,436.1692215316
"505","C",89.7348884027451,56.7382341250777
"506","C",375.422887736931,56.0297586489469
"507","D",435.109770158306,329.186755232513
"508","C",384.37290256843,202.955390093848
"509","C",401.603538077325,870.134359691292
"510","B",841.348093468696,774.67504912056
"511","B",746.165210613981,279.64112511836
"512","C",192.311320919544,419.905111193657
"513","A",740.202804794535,839.224610710517
"514","A",314.347055507824,521.012362791225
"515","B",197.127042338252,827.874144539237
"516","C",183.981897775084,851.049273042008
"517","B",234.310268191621,781.073534162715
"518","C",220.732813701034,748.257477767766
"519","B",445.114057976753,872.711108531803
"520","D",976.756406249478,572.136346017942
"521","A",364.781348733231,567.468169378117
"522","C",359.14769070223,11.237955186516
"523","D",658.31978013739,50.5023261066526
"524","A",645.78720019199,871.610347414389
"525","B",293.77714288421,592.291570734233
"526","A",216.996559407562,559.861997142434
"527","C",12.7421859651804,44.359864667058
"528","C",170.568565139547,903.766237897798
"529","D",906.184578314424,528.670181985945
"530","A",347.185096470639,302.953714737669
"531","C",663.445126265287,750.657462980598
"532","B",877.997806295753,281.883151968941
"533","B",228.886474156752,438.998122699559
"534","B",725.898704258725,295.51836149767
"535","C",597.37112512812,377.063267631456
"536","B",60.4841557797045,673.457122640684
"537","B",296.405879082158,348.442174727097
"538","C",404.696974204853,31.1011832673103
"539","C",84.4814348965883,929.966938914731
"540","C",591.297353850678,833.382298005745
"541","D",340.615520253778,319.447715999559
"542","C",375.035986304283,388.572611147538
"543","A",858.164534205571,999.219242017716
"544","C",661.458964692429,589.468545746058
"545","D",827.46459892951,899.362699128687
"546","C",754.73246187903,760.12996933423
"547","C",254.436064977199,434.575906489044
"548","B",978.129356866702,53.3366387244314
"549","A",678.398527903482,878.049111925066
"550","C",228.474449366331,204.392882995307
"551","C",202.282183337957,221.084740478545
"552","C",431.180014042184,342.836829135194
"553","A",48.8498918712139,477.345424238592
"554","B",322.904237778857,440.34489011392
"555","C",404.023219598457,419.965037377551
"556","A",722.001602640375,405.739014036953
"557","A",231.221725000069,77.3544416297227
"558","D",732.59762302041,254.323187051341
"559","D",613.345793681219,543.128430377692
"560","B",860.605634748936,570.320576662198
"561","C",5.86998951621354,42.2725453972816
"562","A",613.823271356523,628.458156948909
"563","D",712.001272942871,287.132231052965
"564","A",594.775871373713,437.619431177154
"565","C",355.402516433969,455.499655334279
"566","C",469.480865169317,372.17750493437
"567","B",402.705409098417,501.65808480233
"568","B",158.718365943059,840.876015368849
"569","C",142.639948055148,860.290445620194
"570","A",496.992748463526,304.907804355025
"571","C",574.898582883179,675.502304919064
"572","A",789.850482018664,678.900394123048
"573","B",241.932099219412,311.747779604048
"574","B",976.460909936577,650.120536098257
"575","C",478.120272513479,187.048600055277
"576","B",70.5937107559294,999.750908231363
"577","A",501.88462738879,645.226416178048
"578","C",101.338246837258,219.583629164845
"579","C",696.284610079601,862.015265505761
"580","C",418.680413626134,332.874103216454
"581","D",408.236852614209,874.333437299356
"582","A",590.402096509933,922.986216377467
"583","B",307.199770351872,770.229588495567
"584","D",963.485285872594,510.263409465551
"585","D",824.111241148785,12.4875879846513
"586","C",665.942086139694,115.182794630527
"587","C",806.942105991766,247.071018675342
"588","C",232.520415214822,93.156985938549
"589","A",53.1470431014895,185.997423483059
"590","B",820.323778083548,652.269973419607
"591","B",339.124117745087,416.181311709806
"592","C",622.569594997913,775.877850828692
"593","D",616.338919382542,672.182718524709
"594","B",424.607092048973,421.34394403547
"595","A",308.03991900757,908.618956571445
"596","A",676.586057757959,759.217750048265
"597","B",566.864264197648,521.107373991981
"598","B",884.033211041242,186.813600594178
"599","D",68.8374822493643,577.661709394306
"600","D",991.095695178956,159.963316982612
"601","A",174.851703923196,190.008712233976
"602","C",499.521792633459,739.416314521804
"603","C",93.6977292876691,879.279386717826
"604","A",170.00050493516,176.875945879146
"605","A",199.468100210652,320.460714632645
"606","C",611.665662378073,649.563029641286
"607","C",428.483225870878,843.613562406972
"608","D",751.658258028328,481.94283945486
"609","C",70.3058147337288,942.673275712878
"610","B",829.08037956804,345.181666780263
"611","B",616.711435606703,223.230912350118
"612","D",711.025799158961,404.368557268754
"613","C",685.66735368222,997.600543545559
"614","B",904.354662867263,499.620254384354
"615","C",527.29284693487,582.392321899533
"616","D",31.4323976635933,607.898121932521
"617","C",613.645085366443,791.042417520657
"618","C",39.1834897454828,333.790487376973
"619","B",905.708306003362,158.705850597471
"620","A",30.0251822918653,223.294378025457
"621","C",383.778217481449,859.627837548032
"622","D",379.133592592552,144.236612832174
"623","C",474.254825385287,668.754794402048
"624","B",412.315141176805,581.618611468002
"625","D",781.208811094984,336.566573008895
"626","B",152.786221122369,711.178523022681
"627","C",140.157804824412,375.124497804791
"628","B",157.08628250286,829.172292957082
"629","D",723.124666139483,282.958039548248
"630","A",52.2270952351391,86.1538331955671
"631","C",628.076299792156,949.403405888006
"632","B",979.565043468028,512.068877229467
"633","A",10.8420522883534,575.946509139612
"634","B",997.300636023283,248.557820217684
"635","C",343.500336864963,754.480274626985
"636","B",99.9295723158866,885.934920515865
"637","D",869.896803051233,334.077169187367
"638","D",800.58695632033,716.474663000554
"639","D",856.130053056404,587.591265095398
"640","C",341.220863629133,552.79530165717
"641","C",123.760152608156,548.962619155645
"642","B",229.026926448569,435.64320448786
"643","B",169.87204621546,655.086555285379
"644","A",388.640448916703,126.254537841305
"645","A",260.320740519091,230.502727907151
"646","B",844.251862028614,330.132240895182
"647","A",448.405246715993,262.278884882107
"648","B",917.911767959595,560.527232708409
"649","A",616.319725755602,23.0397686827928
"650","B",577.517368132249,947.025903966278
"651","C",795.28568056412,171.128599438816
"652","C",80.0919476896524,724.554756190628
"653","B",125.312784453854,678.917668526992
"654","C",347.830631304532,209.909619297832
"655","D",943.582000443712,439.253196120262
"656","C",790.441664634272,933.019603136927
"657","A",447.157548507676,488.52582834661
"658","C",457.363381749019,592.829402536154
"659","B",452.67739566043,583.521987544373
"660","A",794.686829904094,748.085081810132
"661","D",547.53134213388,364.115339238197
"662","D",928.72385121882,183.815051335841
"663","B",576.7139820382,294.803500408307
"664","B",622.269916813821,126.517600379884
"665","A",929.147658636793,678.403438534588
"666","C",128.014629241079,850.981460884213
"667","C",15.3709484729916,102.172065060586
"668","C",11.1516551114619,945.539297536016
"669","B",989.547366974875,771.857929881662
"670","D",791.599226882681,0.263218767940998
"671","B",837.586406618357,843.916432233527
"672","B",405.754386214539,801.946881227195
"673","D",934.576929546893,339.929649373516
"674","B",893.831028603017,806.012370623648
"675","A",482.249836903065,889.664881629869
"676","B",282.427827827632,701.356404228136
"677","C",124.356507090852,729.165303753689
"678","D",269.659558311105,793.003456667066
"679","B",989.108863752335,540.513335028663
"680","D",53.0352969653904,576.616677455604
"681","D",704.943193122745,96.6383623890579
"682","C",848.115805769339,83.1287121400237
"683","D",441.819602157921,192.128446185961
"684","A",330.096013145521,925.664515700191
"685","C",163.735982496291,686.27760745585
"686","B",989.927094895393,990.276306169108
"687","C",33.537378301844,754.07588435337
"688","B",307.61136347428,662.328692385927
"689","B",969.260590616614,748.226051451638
"690","C",291.541517246515,88.601908646524
"691","C",66.4168910589069,186.057591810822
"692","C",455.361881060526,170.643344987184
"693","B",989.783990196884,330.074838828295
"694","C",656.495203729719,359.770916635171
"695","C",104.506832547486,467.004521284252
"696","B",885.611940408126,401.906146202236
"697","C",173.992853611708,877.013585995883
"698","D",850.863156374544,211.794764734805
"699","C",299.173172330484,878.594256006181
"700","D",584.084681235254,339.491562452167
"701","D",41.5231329388916,68.6186065431684
"702","B",148.34044338204,364.554080646485
"703","B",140.354413306341,550.401736982167
"704","B",708.447937155142,399.931620573625
"705","A",355.788270942867,890.174012165517
"706","A",522.772079100832,869.981276337057
"707","D",921.995689161122,190.031771780923
"708","C",489.551711594686,258.526949677616
"709","C",168.397943489254,206.623833160847
"710","C",761.830898933113,191.534293117002
"711","D",671.685667475685,53.3305031713098
"712","D",928.71908354573,681.083387229592
"713","D",821.274084504694,134.838723111898
"714","A",429.454118013382,187.106443569064
"715","C",598.093710839748,157.772100763395
"716","C",317.599543370306,902.435478987172
"717","A",398.15800380893,930.978377349675
"718","B",967.974100029096,969.032227993011
"719","B",989.293245831504,218.46257452853
"720","C",869.558099424466,277.978704776615
"721","C",524.931697640568,705.551441758871
"722","C",509.949127212167,179.528771433979
"723","B",591.386867454275,70.1127832289785
"724","A",607.403993140906,387.715826975182
"725","B",935.443442082033,504.357361234725
"726","A",17.6278566941619,228.812504326925
"727","B",308.980259811506,978.428093949333
"728","A",660.088911885396,495.197988115251
"729","A",501.696635037661,641.068326309323
"730","B",652.70274062641,401.613506721333
"731","B",640.39555657655,182.829613331705
"732","D",894.696365809068,680.911484407261
"733","B",981.372836511582,988.493216689676
"734","C",46.9069154933095,736.994949867949
"735","D",79.5604921877384,545.130206504837
"736","D",87.5948306638747,639.747742796317
"737","B",888.359599746764,873.674592701718
"738","D",708.00568908453,645.580717362463
"739","D",764.788546133786,595.775679452345
"740","D",699.214989086613,332.740895682946
"741","A",420.09653383866,92.958518769592
"742","D",881.544028408825,74.8303316067904
"743","B",537.988854805008,641.784704755992
"744","B",884.627616032958,176.352272741497
"745","C",21.0451004095376,970.094107324257
"746","C",57.1342131588608,595.016203587875
"747","C",37.8852905705571,185.918687377125
"748","A",76.2834381312132,789.505921537057
"749","D",526.321395300329,89.0952947083861
"750","B",346.196549013257,446.303911972791
"751","B",110.456503462046,393.910008948296
"752","B",497.800366487354,994.92072686553
"753","B",942.769388668239,676.653829170391
"754","A",706.231635296717,879.29284456186
"755","C",418.954827124253,748.359205201268
"756","C",44.4635020103306,865.256410324946
"757","D",660.315898945555,29.0185639169067
"758","A",764.821239747107,946.945746894926
"759","C",361.090902239084,477.66478639096
"760","D",679.054592968896,588.100268738344
"761","B",942.739011021331,889.444365631789
"762","A",54.7991790808737,61.8920896667987
"763","B",137.220911681652,619.008199078962
"764","B",525.12892941013,119.57041779533
"765","A",221.790048992261,845.879923086613
"766","D",547.552090836689,495.630464283749
"767","A",7.32718291692436,729.309741640463
"768","A",834.260659758002,890.638176118955
"769","C",252.106700092554,973.958877380937
"770","B",517.11580879055,217.472821474075
"771","B",190.028184093535,772.323138080537
"772","C",616.773020476103,646.870448021218
"773","C",401.491885539144,119.441408198327
"774","B",478.352802339941,867.182678543031
"775","C",180.215588072315,562.72976542823
"776","A",430.957351345569,271.29621966742
"777","D",532.229638891295,842.187206028029
"778","D",595.036405604333,94.2514704074711
"779","D",466.971701942384,388.469394762069
"780","B",275.443771621212,597.301340196282
"781","C",342.213784810156,458.022620994598
"782","C",726.050994358957,153.516344260424
"783","A",757.726221578196,624.891486018896
"784","C",309.86912897788,976.02999326773
"785","A",681.696007261053,881.338404724374
"786","B",939.205961069092,242.673262488097
"787","B",836.939002852887,500.967474421486
"788","B",15.811454039067,965.725733200088
"789","C",74.1602252237499,871.31294934079
"790","D",871.257874649018,480.292426655069
"791","B",506.584007525817,505.002799443901
"792","B",841.115596238524,886.99548644945
"793","A",424.199408385903,983.658900484443
"794","C",237.649737857282,922.059431439266
"795","A",727.792606456205,717.45211770758
"796","B",412.900862051174,20.6420049071312
"797","B",866.627961862832,292.045237263665
"798","D",611.841155448928,411.69874672778
"799","A",488.388515543193,317.031414248049
"800","C",716.984322760254,938.828626414761
"801","B",385.014022933319,625.670038163662
"802","A",580.792867112905,490.64250360243
"803","D",930.38866436109,836.920544505119
"804","B",737.047082977369,342.884745448828
"805","A",767.845228780061,635.876096086577
"806","C",876.37074990198,189.292895840481
"807","C",115.265960339457,295.108987484127
"808","C",377.602375112474,57.8696872107685
"809","D",935.211439151317,856.983392033726
"810","B",626.425485126674,228.408413473517
"811","B",356.357658980414,693.175602238625
"812","B",221.038946416229,764.113273005933
"813","C",270.423414884135,338.700237683952
"814","C",752.074874239042,380.144427064806
"815","A",160.093809477985,102.332026464865
"816","D",958.864240674302,522.61282177642
"817","C",588.561055716127,561.848365236074
"818","A",559.389661531895,16.1085848230869
"819","D",893.361730733886,461.407456081361
"820","C",582.834186963737,199.197570327669
"821","C",15.9099798183888,958.630292443559
"822","B",167.392439208925,711.499923141673
"823","A",700.757522135973,964.760666014627
"824","C",178.207596531138,238.639813615009
"825","C",447.257698513567,633.878597291186
"826","C",122.162266401574,781.269350089133
"827","A",358.187705744058,404.547867132351
"828","A",497.891299426556,288.813177263364
"829","C",186.623544897884,217.308551538736
"830","C",556.767220841721,783.891846193001
"831","D",293.164061615244,744.043041719124
"832","A",33.5009656846523,946.014613611624
"833","C",322.56529177539,670.830784598365
"834","D",677.304232958704,811.295302584767
"835","B",421.481654979289,522.869608364999
"836","A",726.906665600836,480.384459486231
"837","B",478.472636081278,761.979940580204
"838","B",104.981778422371,625.368820270523
"839","D",526.763415429741,281.750812195241
"840","B",306.910023791716,728.567213285714
"841","D",914.753454970196,365.114610176533
"842","D",655.324008315802,50.0139803625643
"843","A",43.3916498441249,291.066900128499
"844","C",123.591134790331,18.0429790634662
"845","B",61.6861635353416,520.482274470851
"846","B",587.657739408314,355.169526766986
"847","D",923.434179741889,41.5138509124517
"848","C",422.573912655935,809.944605920464
"849","C",115.790049079806,902.212592540309
"850","C",101.463065017015,249.723461922258
"851","B",810.652513289824,289.027095306665
"852","B",156.794347101822,243.779256241396
"853","C",46.2764215189964,210.598698351532
"854","A",965.216997545213,602.887274930254
"855","B",955.329523887485,538.592811441049
"856","A",415.736947907135,192.355287959799
"857","D",438.425790052861,316.172928549349
"858","A",633.982917061076,674.52911939472
"859","D",101.331536192447,98.8583024591208
"860","B",601.869945414364,687.753645237535
"861","D",280.301701975986,865.360192488879
"862","C",711.990101262927,875.393833266571
"863","C",333.357554161921,63.8603072147816
"864","C",834.802157478407,289.170789765194
"865","A",619.606309570372,719.885391648859
"866","D",878.846040461212,674.946201732382
"867","A",631.286157760769,686.013943981379
"868","D",929.652744205669,39.2804036382586
"869","D",11.1781773157418,578.855552943423
"870","C",908.300030976534,138.510994846001
"871","C",189.713223371655,660.590842599049
"872","D",672.04135353677,962.858971906826
"873","C",836.718230275437,317.263519391418
"874","B",473.584567196667,550.655689556152
"875","D",771.173053653911,664.685262134299
"876","B",771.223242627457,343.055153032765
"877","B",540.053136413917,278.206394985318
"878","B",827.907299157232,294.622783781961
"879","B",567.109624389559,708.766088122502
"880","A",644.146105274558,833.050577668473
"881","A",634.316073730588,971.25747660175
"882","B",286.038231104612,994.121961994097
"883","C",848.944338504225,235.815760679543
"884","C",522.60604640469,497.166737681255
"885","C",946.932041319087,903.747221454978
"886","C",607.273008208722,751.14221451804
"887","C",19.7262752335519,707.897982792929
"888","D",678.710114443675,482.865300728008
"889","B",761.60076726228,488.116929773241
"890","B",440.046365838498,678.776425309479
"891","C",421.71429679729,288.817210122943
"892","C",13.6604194995016,837.738053174689
"893","D",59.3819776549935,96.2774234358221
"894","A",740.143257658929,400.06626280956
"895","A",652.48340042308,485.526202246547
"896","B",207.480479031801,475.789000280201
"897","C",458.413257496431,664.765108143911
"898","C",863.769074203447,872.93794634752
"899","C",380.569296889007,418.39384753257
"900","A",294.031340396032,30.0010819919407
"901","C",355.145900975913,285.824089311063
"902","A",188.478409778327,430.702184559777
"903","D",901.267742039636,987.036730861291
"904","D",787.613232852891,761.369533836842
"905","C",566.835866542533,536.124259233475
"906","C",71.1596393957734,514.028019504622
"907","D",786.260796478018,745.263094082475
"908","B",472.460132790729,892.268388532102
"909","A",75.4081914201379,366.222705459222
"910","A",274.266456952319,45.8902413956821
"911","D",2.48321448452771,269.76348250173
"912","B",856.189756188542,396.978293545544
"913","C",596.985165728256,168.790643103421
"914","C",283.952898578718,790.167590603232
"915","C",334.488672902808,207.277272362262
"916","A",208.838291233405,363.892439287156
"917","D",628.495941869915,571.639872621745
"918","C",66.9725812040269,936.108896275982
"919","A",596.520187333226,623.96405171603
"920","B",496.541045838967,790.443436009809
"921","C",826.453695306554,923.030715435743
"922","D",744.180684210733,613.163833040744
"923","C",445.544956251979,528.335091890767
"924","C",48.1484846677631,849.789924221113
"925","A",31.852166634053,155.16534075141
"926","C",888.27566569671,387.16948335059
"927","D",949.884878704324,781.349776312709
"928","B",474.51266204007,933.149654883891
"929","C",443.135806359351,256.3921965193
"930","A",418.843823485076,948.98019102402
"931","A",300.072618992999,152.374250348657
"932","C",464.219233253971,159.112689550966
"933","C",785.0369613152,94.2721257451922
"934","A",267.506019910797,932.92448320426
"935","A",831.834753975272,760.052326833829
"936","B",829.193294979632,88.0358256399632
"937","D",902.082444401458,622.413167729974
"938","A",697.551328223199,637.192569905892
"939","C",87.5422747340053,817.094704834744
"940","A",384.28462552838,65.9831140656024
"941","C",197.109617525712,722.536648856476
"942","C",276.024819118902,839.204610325396
"943","C",135.032746242359,687.221329426393
"944","B",872.993026161566,881.425806786865
"945","D",800.361941801384,478.324963478372
"946","D",978.877065237612,676.606139633805
"947","C",342.784907435998,630.419906461611
"948","C",178.390775574371,463.744828244671
"949","B",634.813853772357,378.496071323752
"950","B",110.408128937706,960.569688584656
"951","C",546.131222276017,156.298734713346
"952","A",592.627404257655,816.79836474359
"953","D",509.045959683135,781.595303909853
"954","C",507.513905409724,747.60931939818
"955","B",964.882151922211,87.998423492536
"956","A",412.407178897411,170.567782130092
"957","A",573.362143943086,506.652931915596
"958","D",729.424581164494,655.90414730832
"959","A",334.361689863726,264.962243149057
"960","D",465.767440618947,404.621919617057
"961","B",844.906583661214,318.1520299986
"962","D",72.7167720906436,674.628345528618
"963","C",202.654934721068,964.999782154337
"964","C",661.256672348827,679.824093589559
"965","D",70.4044988378882,105.308626545593
"966","B",83.5597976110876,866.314094047993
"967","C",674.989639082924,859.625327400863
"968","C",80.0705589354038,738.986151758581
"969","D",746.375422459096,623.497010208666
"970","B",294.227904407308,721.973038744181
"971","D",237.184204626828,688.027528114617
"972","C",556.608825689182,730.324438773096
"973","C",978.347914293408,986.848413944244
"974","C",849.03725492768,750.154826324433
"975","A",972.728057997301,0.0567913521081209
"976","A",297.135578701273,166.29384434782
"977","C",295.318333199248,633.976748446003
"978","D",925.392706645653,898.231005761772
"979","B",131.130937719718,383.113032672554
"980","C",502.38291407004,694.245560560375
"981","B",226.036912295967,660.837635397911
"982","C",770.858004689217,646.267777774483
"983","A",342.521150130779,115.028762957081
"984","C",396.503916941583,469.457804923877
"985","C",430.800714762881,184.146186336875
"986","D",884.751897538081,393.95080273971
"987","B",840.690035605803,555.520189227536
"988","A",782.815809594467,450.902180280536
"989","B",694.137362297624,160.466323141009
"990","B",83.2763130310923,546.379461884499
"991","B",166.140709770843,353.421977721155
"992","C",314.808389637619,872.129282914102
"993","D",584.571006707847,438.412822084501
"994","B",613.358140690252,688.286249758676
"995","C",266.375724459067,312.839506426826
"996","A",175.014704698697,278.886681655422
"997","B",629.406068939716,190.529707819223
"998","B",529.271813342348,156.601271592081
"999","B",96.648630220443,853.421350941062
"1000","D",493.718214333057,74.341161409393
"1001","C",326.665402157232,264.489639084786
"1002","A",7.59930675849319,488.86716272682
"1003","D",509.370090439916,286.35718440637
"1004","C",487.029104260728,441.679869312793
"1005","D",628.774300217628,10.1594049483538
"1006","D",791.985493618995,684.412507340312
"1007","B",255.102520342916,990.697200642899
"1008","C",168.092052219436,413.214166648686
"1009","C",243.872086051852,233.913839561865
"1010","D",761.623915983364,113.005697494373
"1011","A",153.837003279477,171.504870522767
"1012","C",715.083750896156,938.705732347444
"1013","C",135.537918657064,474.385321140289
"1014","A",55.0722205080092,14.1679209191352
"1015","C",52.8181935660541,953.637823928148
"1016","C",499.580059200525,760.42334549129
"1017","B",984.095386927947,56.4439937006682
"1018","B",936.628548195586,769.461562624201
"1019","B",236.429237527773,781.005141325295
"1020","A",599.59864220582,700.527053093538
"1021","A",815.478973323479,939.14136220701
"1022","A",465.762336039916,725.378448609263
"1023","B",125.05711382255,799.752704100683
"1024","D",925.637731328607,670.677886810154
"1025","A",149.007544387132,138.827729737386
"1026","D",510.147704044357,6.6788496915251
"1027","A",474.916640901938,934.853780316189
"1028","C",914.771592244506,150.835471926257
"1029","D",915.856844978407,106.654405361041
"1030","B",882.699843961746,577.384654665366
"1031","B",733.420836739242,798.193664988503
"1032","C",96.5935767162591,248.138400958851
"1033","C",243.427862878889,345.104546286166
"1034","C",236.853414680809,631.811450701207
"1035","B",635.839586844668,384.110651211813
"1036","C",153.269791975617,472.66951831989
"1037","A",48.3632681425661,718.275179620832
"1038","A",503.438947023824,154.34252214618
"1039","D",889.789622277021,190.020329318941
"1040","B",620.105104520917,395.042145857587
"1041","D",852.936883224174,631.357769481838
"1042","C",139.745461056009,169.718055520207
"1043","A",528.072378830984,197.290497366339
"1044","C",610.33916240558,382.415374275297
"1045","C",633.512949571013,764.9734870065
"1046","C",305.924946442246,843.322227941826
"1047","C",323.854634538293,937.711318256333
"1048","A",329.703330993652,57.0065674837679
"1049","A",641.478291479871,613.175441743806
"1050","C",161.542645888403,774.183229776099
"1051","B",666.725752875209,322.307785972953
"1052","B",92.9664850700647,565.44748856686
"1053","B",0.515494029968977,466.047145426273
"1054","A",271.715058013797,14.9293432477862
"1055","D",531.718912534416,73.6722333822399
"1056","A",720.965977525339,825.982567388564
"1057","B",611.560724442825,797.345059690997
"1058","C",330.152385402471,56.5240557771176
"1059","A",127.560122869909,350.778262596577
"1060","B",288.292459910735,315.543052507564
"1061","A",711.692105513066,560.782939195633
"1062","D",906.915310304612,453.072418924421
"1063","C",927.135428180918,544.854508945718
"1064","B",294.473512563854,290.510047459975
"1065","B",821.205850224942,0.93079824000597
"1066","B",477.223062887788,764.627678319812
"1067","A",6.97371270507574,727.302953600883
"1068","C",218.446675688028,238.827786175534
"1069","B",912.687466712669,953.244152478874
"1070","D",811.438746051863,206.282951403409
"1071","C",231.74019320868,590.293972054496
"1072","A",216.154137859121,932.822000933811
"1073","B",649.813101859763,52.0796631462872
"1074","C",361.315982649103,923.342573223636
"1075","A",823.226262349635,762.928595766425
"1076","C",373.244869755581,675.836661597714
"1077","D",107.600644929335,181.739219930023
"1078","B",337.058192119002,769.423133460805
"1079","B",958.767058560625,968.640990322456
"1080","D",210.504815215245,74.1710655856878
"1081","A",680.582431377843,831.109778955579
"1082","A",22.793241776526,905.638938769698
"1083","C",606.783126248047,866.705410880968
"1084","D",715.234256116673,407.469782046974
"1085","C",251.599836628884,358.641345752403
"1086","D",905.591467162594,308.437623083591
"1087","D",707.617995329201,80.3520518820733
"1088","C",443.986870115623,186.530045466498
"1089","A",616.147235734388,671.583694638684
"1090","C",598.232345888391,840.376832289621
"1091","B",127.390726236627,653.262493899092
"1092","D",999.656337779015,97.1344611607492
"1093","D",901.513934368268,868.042805464938
"1094","A",69.0124051179737,347.531790146604
"1095","B",12.8789071459323,819.501073798165
"1096","B",889.743522973731,959.201597142965
"1097","C",900.481929536909,821.969842305407
"1098","B",754.775922279805,110.892671393231
"1099","A",78.800227958709,46.5955038089305
"1100","C",143.158019986004,754.926909459755
"1101","A",242.457003565505,926.136100199074
"1102","C",46.7330738902092,712.31191768311
"1103","B",794.817111687735,536.502780392766
"1104","B",323.561663040891,103.495150571689
"1105","B",125.589738832787,934.209904633462
"1106","D",785.649362951517,63.0832966417074
"1107","A",511.914616683498,892.348060617223
"1108","D",727.111006621271,937.806515488774
"1109","A",479.315636213869,535.319676389918
"1110","A",42.8309005219489,440.653655910864
"1111","A",385.640095919371,746.799361426383
"1112","A",234.330084873363,860.191095154732
"1113","B",475.206198170781,472.624347545207
"1114","D",620.547194499522,63.6416114866734
"1115","A",141.921007772908,266.634421655908
"1116","D",947.340622544289,353.993958793581
"1117","D",121.324538020417,99.0532089490443
"1118","D",900.904603535309,978.632613550872
"1119","C",422.092204913497,282.977009192109
"1120","C",710.230551892892,565.346808172762
"1121","B",108.868859708309,691.72850321047
"1122","C",372.901325346902,339.828096795827
"1123","D",953.113840892911,708.046376006678
"1124","A",457.737646764144,25.8297601249069
"1125","D",559.546126518399,433.542790822685
"1126","C",91.4949076250196,884.798095095903
"1127","B",865.430381847546,519.173581153154
"1128","B",906.775226583704,923.616781132296
"1129","A",433.976341504604,999.657726613805
"1130","D",740.245683817193,49.7089037671685
"1131","C",52.2661474533379,733.452135697007
"1132","C",290.304862195626,512.444574618712
"1133","D",706.80912793614,403.309085406363
"1134","A",441.074716625735,916.001809993759
"1135","B",667.137761367485,393.251287518069
"1136","C",583.44506029971,836.67004131712
"1137","D",41.1091158166528,620.976832462475
"1138","C",102.43139998056,258.585745701566
"1139","B",908.210782101378,136.050928151235
"1140","C",109.702566638589,654.268265469
"1141","B",204.469409305602,854.790979297832
"1142","B",221.089787315577,244.563877116889
"1143","C",227.283869404346,249.262094032019
"1144","C",691.555607831106,796.312381280586
"1145","A",16.4403142407537,763.895525597036
"1146","C",171.951735159382,437.2205180116
"1147","B",641.56275591813,98.6864492297173
"1148","A",857.937768101692,751.271800138056
"1149","C",406.137444078922,804.181599291041
"1150","C",203.530259663239,611.416168976575
"1151","B",180.728458566591,676.031433278695
"1152","B",877.23132991232,368.872138904408
"1153","A",292.404882842675,8.55377386324108
"1154","B",962.788104778156,162.387589691207
"1155","C",570.826325332746,227.824341738597
"1156","A",675.535645568743,564.529561670497
"1157","B",160.61387094669,405.330355279148
"1158","A",275.909652700648,155.152855673805
"1159","C",194.500680547208,730.733654927462
"1160","D",143.16036994569,801.552780671045
"1161","C",675.685963360593,859.478544443846
"1162","B",351.615902967751,401.15832304582
"1163","A",19.7396602015942,316.994397202507
"1164","B",802.505871513858,666.920335963368
"1165","B",565.12769497931,69.9262097477913
"1166","C",607.577266404405,975.898525444791
"1167","B",784.76752853021,302.322150673717
"1168","C",641.942783491686,797.668230487034
"1169","B",137.026296695694,630.46124135144
"1170","C",597.150792134926,138.708679005504
"1171","B",295.26405595243,379.670998314396
"1172","A",70.8752535283566,459.155936492607
"1173","D",411.250493489206,786.108634667471
"1174","A",168.380547547713,307.484591146931
"1175","B",928.857421968132,210.178109817207
"1176","D",505.039667245001,302.766392705962
"1177","A",54.1307141538709,272.269652690738
"1178","D",812.287624925375,682.841508183628
"1179","D",291.70187166892,907.179437577724
"1180","D",953.408245695755,287.681027781218
"1181","B",130.254430463538,355.353340506554
"1182","D",534.056686796248,260.240709176287
"1183","D",647.072942228988,453.211301006377
"1184","D",932.212032843381,645.666306838393
"1185","C",359.994487371296,347.60831319727
"1186","C",35.1170024368912,901.68188768439
"1187","D",510.168922599405,476.818197639659
"1188","A",368.634847458452,779.312086757272
"1189","C",201.414601644501,867.881598882377
"1190","B",525.664341170341,616.525112651289
"1191","B",634.700907627121,261.146603384987
"1192","A",221.923756180331,916.57673404552
"1193","C",896.663832245395,821.254036622122
"1194","B",758.379711769521,234.741187188774
"1195","C",628.638215363026,935.097585897893
"1196","B",573.993021855131,397.518620127812
"1197","B",484.658267349005,744.744498981163
"1198","C",626.594100380316,940.691627329215
"1199","B",709.818420931697,797.787587158382
"1200","A",500.412714434788,579.85861110501
"1201","D",812.782681081444,837.06661593169
"1202","D",612.320999847725,47.9486691765487
"1203","A",615.12797512114,456.890425877646
"1204","B",943.989488994703,364.834865322337
"1205","D",624.315839959309,116.779124597088
"1206","B",877.486614976078,218.689222354442
"1207","B",21.4720605872571,503.726245136932
"1208","C",454.74556251429,692.895669024438
"1209","C",180.016952101141,259.779384592548
"1210","D",610.350885661319,92.9359525907785
"1211","A",365.783734247088,191.657301504165
"1212","D",81.3100223895162,134.069548454136
"1213","A",268.187304260209,317.811583634466
"1214","B",852.516010403633,489.446837920696
"1215","D",975.53341044113,498.577506048605
"1216","A",34.4877410680056,201.918131671846
"1217","B",900.139470119029,450.609502382576
"1218","B",185.312097659335,737.219572067261
"1219","D",888.388079823926,546.083773020655
"1220","C",876.626420533285,198.086419841275
"1221","B",100.796677870676,548.787753097713
"1222","A",743.758026510477,987.117443000898
"1223","B",981.3790647313,952.468120492995
"1224","A",652.861067093909,87.9201923962682
"1225","C",255.218086531386,519.163480959833
"1226","B",603.00637409091,294.755483046174
"1227","C",365.489674033597,48.7662376835942
"1228","C",69.5491284132004,345.195631496608
"1229","D",771.631884155795,731.761323520914
"1230","B",175.011293264106,348.624098580331
"1231","B",93.0288478266448,628.798099933192
"1232","B",699.419387383386,216.351598501205
"1233","C",652.241819305345,657.077208627015
"1234","B",968.345626024529,479.096326977015
"1235","A",462.202625349164,18.4276630170643
"1236","C",565.08578453213,589.439930394292
"1237","C",871.320468606427,164.137633051723
"1238","B",994.106189347804,306.529367808253
"1239","C",679.478623438627,624.549837782979
"1240","D",898.755975067616,119.354987051338
"1241","C",759.680924005806,360.563163645566
"1242","A",747.777271550149,783.586508128792
"1243","C",89.0785201918334,258.146581007168
"1244","A",443.570304429159,201.085591455922
"1245","C",945.882316911593,796.960375038907
"1246","C",235.924922861159,455.283305374905
"1247","B",998.549490701407,14.6506032906473
"1248","C",617.917529772967,898.581008426845
"1249","D",813.073905650526,513.891366310418
"1250","A",351.14060738124,121.387609047815
"1251","C",357.883349526674,154.412215342745
"1252","C",116.986498469487,285.414708545431
"1253","A",521.779041970149,905.324036255479
"1254","C",493.872590363026,482.349451165646
"1255","C",277.804815443233,82.0416554342955
"1256","B",14.0032039489597,990.127111552283
"1257","B",520.028754137456,922.401919960976
"1258","A",108.988528139889,237.772987456992
"1259","B",995.572249637917,766.650553559884
"1260","A",522.356270579621,262.55123433657
"1261","D",734.718959778547,230.88909406215
"1262","C",422.852557851002,835.522293113172
"1263","C",204.054076690227,232.996246777475
"1264","C",415.048668626696,780.53003246896
"1265","B",692.890484584495,274.982707342133
"1266","B",438.995969481766,842.278522672132
"1267","A",346.572923939675,120.822340948507
"1268","D",894.524142611772,333.120955852792
"1269","D",639.805160928518,108.907206682488
"1270","D",732.178124831989,450.129717588425
"1271","C",454.073393950239,502.119263634086
"1272","A",711.339322850108,777.598289307207
"1273","C",751.916840905324,944.212519796565
"1274","D",760.065411683172,16.7262405157089
"1275","D",647.229691967368,322.422477649525
"1276","B",655.310466419905,49.4610737077892
"1277","B",650.34853760153,116.64621764794
"1278","D",785.465801600367,643.114236881956
"1279","A",708.687017438933,695.452063111588
"1280","A",477.319323923439,450.653129024431
"1281","A",730.16766179353,990.628287894651
"1282","A",243.162945145741,181.053579319268
"1283","C",213.099197251722,881.454541813582
"1284","D",722.554609645158,546.345251845196
"1285","A",68.0051718372852,239.279824541882
"1286","C",396.25045331195,719.110576203093
"1287","C",220.678835408762,685.145234921947
"1288","C",436.759028816596,542.657490586862
"1289","D",947.966379346326,834.975380217656
"1290","C",501.790537731722,184.061198029667
"1291","C",816.913956077769,115.386493736878
"1292","B",515.032067894936,755.749941803515
"1293","D",174.060616176575,818.878365447745
"1294","B",742.19797598198,296.36981151998
"1295","A",193.978370865807,194.344284944236
"1296","D",258.435684256256,938.537159701809
"1297","C",495.191130554304,352.56495163776
"1298","C",201.499823248014,637.522247387096
"1299","C",154.322462622076,646.956812124699
"1300","D",833.343790844083,468.676453921944
"1301","B",95.9683076944202,987.776214489713
"1302","D",872.712317621335,180.63577869907
"1303","A",181.980723515153,820.355585543439
"1304","B",695.945201674476,103.348274482414
"1305","B",518.044609343633,114.984330022708
"1306","B",94.9451974593103,750.589563511312
"1307","D",944.280864670873,498.609183123335
"1308","B",122.431034687907,601.415389217436
"1309","D",558.233983581886,141.425424953923
"1310","B",768.668131669983,30.5582697037607
"1311","C",321.577322203666,894.398010801524
"1312","B",623.864103341475,971.913734450936
"1313","D",593.540471512824,390.537921572104
"1314","B",937.243455322459,77.9876064043492
"1315","C",746.722175739706,229.244385380298
"1316","C",194.091740064323,973.65204943344
"1317","A",735.651104943827,452.401676448062
"1318","B",973.9145047497,180.926652858034
"1319","A",412.997286068276,893.949679797515
"1320","A",808.090538717806,547.259739367291
"1321","B",500.581021420658,658.748327055946
"1322","C",347.124678082764,294.651477830485
"1323","C",326.171981636435,704.631518106908
"1324","B",462.912755552679,924.905678257346
"1325","B",337.938065407798,987.111172871664
"1326","D",913.629595655948,865.853710798547
"1327","B",632.429017685354,73.1348393019289
"1328","B",746.766565134749,200.088964309543
"1329","C",347.092230571434,626.211872324347
"1330","D",566.032890230417,301.634970353916
"1331","A",361.49635608308,206.998759647831
"1332","B",956.951077794656,971.562682185322
"1333","C",113.779184874147,624.71104064025
"1334","A",853.831725893542,630.5919860024
"1335","B",340.088919270784,447.521186666563
"1336","D",631.351122166961,82.2889469563961
"1337","C",650.484319310635,646.844381233677
"1338","C",40.1073908433318,744.214674923569
"1339","C",267.688532825559,733.015535632148
"1340","B",378.916350658983,454.10916255787
"1341","D",860.197921749204,97.0870680175722
"1342","C",542.607267620042,243.872825056314
"1343","A",46.5848909225315,147.44687709026
"1344","C",616.858749184757,786.692468449473
"1345","A",74.8360638972372,944.030120735988
"1346","D",663.295186823234,577.908968552947
"1347","C",77.3706561885774,26.1361862067133
"1348","B",587.860759347677,251.770452363417
"1349","C",127.480826806277,373.008666327223
"1350","B",335.638754302636,998.122423654422
"1351","B",59.3778747133911,726.43160703592
"1352","D",740.084365941584,166.309099644423
"1353","C",319.799586432055,333.674113499001
"1354","B",501.079094829038,342.445368878543
"1355","A",679.877678398043,732.364293653518
"1356","C",824.931308394298,489.381896564737
"1357","C",441.598512697965,610.647577792406
"1358","C",485.116238705814,237.530115759
"1359","B",947.874183300883,182.754639768973
"1360","B",899.389567784965,96.799508202821
"1361","D",664.23365031369,275.110963266343
"1362","A",578.660890692845,873.384010978043
"1363","A",287.436653627083,81.5509057138115
"1364","A",202.784689841792,916.574062546715
"1365","C",409.11124041304,242.818285245448
"1366","D",979.475310537964,874.287666752934
"1367","C",840.131246019155,220.490961102769
"1368","D",975.559143116698,559.440444689244
"1369","A",251.536933705211,901.477919192985
"1370","A",837.652469286695,746.561870910227
"1371","C",528.382640331984,346.41858865507
"1372","A",82.2315930854529,67.1050131786615
"1373","B",118.243442615494,416.041377931833
"1374","C",907.60044567287,898.134720977396
"1375","C",164.375359658152,236.448488896713
"1376","A",592.494875425473,385.750395478681
"1377","D",969.252789160237,236.843346618116
"1378","B",405.518829356879,120.776841649786
"1379","B",282.341955928132,728.926276788116
"1380","B",796.282349852845,574.720216915011
"1381","B",154.078950639814,441.875841002911
"1382","D",920.274208532646,148.617820814252
"1383","C",257.955964887515,799.270431511104
"1384","B",674.769375938922,61.7194189690053
"1385","B",937.47693952173,131.129829911515
"1386","D",997.596759349108,768.669889308512
"1387","B",457.082281354815,435.238568810746
"1388","B",353.256918722764,999.543238198385
"1389","D",567.312204744667,95.7121204119176
"1390","D",597.687892615795,292.452279478312
"1391","D",843.334861565381,497.161476174369
"1392","A",595.868047559634,398.623111424968
"1393","D",880.434779450297,878.264853497967
"1394","C",143.390529789031,574.612818891183
"1395","B",798.893834697083,208.703056676313
"1396","D",727.561131119728,146.053094416857
"1397","B",748.342911479995,176.151955034584
"1398","D",916.579109849408,724.785394733772
"1399","C",403.747164877132,442.795985145494
"1400","C",190.692720469087,497.500623110682
"1401","B",870.621922193095,971.748269163072
"1402","B",331.714521395043,394.67825810425
"1403","C",483.412621309981,595.517921727151
"1404","B",845.737949246541,171.69964662753
"1405","C",819.657425396144,848.658047383651
"1406","C",371.280532097444,439.59883088246
"1407","D",667.48937475495,111.575604183599
"1408","B",593.93910667859,929.027906619012
"1409","C",174.478621222079,282.087408239022
"1410","D",382.127159973606,672.44764440693
"1411","C",280.031990492716,853.692610515282
"1412","B",99.557340843603,878.798583056778
"1413","B",463.883884251118,233.303199056536
"1414","B",300.848634215072,380.914309527725
"1415","D",974.851884879172,298.095764126629
"1416","B",926.805534167215,100.686214864254
"1417","C",800.494089722633,243.197489064187
"1418","B",543.562175007537,318.555551115423
"1419","B",546.069474192336,935.404610820115
"1420","B",741.380222374573,182.299786014482
"1421","A",520.687442040071,953.212476568297
"1422","B",223.099096212536,506.680636666715
"1423","A",287.788967369124,935.570463771
"1424","B",617.050343193114,340.973920421675
"1425","B",515.639164950699,485.147817991674
"1426","A",576.284422073513,54.8938831780106
"1427","B",716.946887783706,160.768359201029
"1428","B",196.220376295969,694.723909255117
"1429","A",42.4739453010261,130.258292192593
"1430","D",479.854676639661,996.28609768115
"1431","D",936.386025045067,768.677067011595
"1432","D",993.341168388724,534.00871809572
"1433","C",485.96055037342,596.880045719445
"1434","C",290.454878704622,715.273171430454
"1435","D",425.706170964986,309.239868307486
"1436","C",496.151383267716,263.423382071778
"1437","B",726.489397231489,332.602801034227
"1438","B",217.562369303778,878.08717857115
"1439","B",655.886030290276,195.69457997568
"1440","C",163.373138522729,284.205345902592
"1441","D",989.528440637514,697.990667773411
"1442","D",880.25641744025,556.917623151094
"1443","C",251.774728298187,990.031653549522
"1444","B",181.972964433953,764.882773393765
"1445","C",70.0361069757491,451.434968970716
"1446","B",352.91908425279,132.549985777587
"1447","A",791.942666051909,817.575628636405
"1448","C",400.78653069213,259.075134294108
"1449","A",209.385071648285,414.273752598092
"1450","D",817.072435980663,997.491839341819
"1451","D",870.090312557295,26.7556093167514
"1452","B",309.746059356257,704.581485828385
"1453","D",794.337367173284,802.739672362804
"1454","A",593.554698163643,900.243807816878
"1455","B",193.463560426608,462.222867412493
"1456","D",486.982796574011,130.835266783834
"1457","B",531.609096331522,380.667695309967
"1458","B",745.096867438406,308.348542777821
"1459","B",693.580542458221,920.405226526782
"1460","C",303.036202676594,152.393810916692
"1461","C",2.03296612016857,314.610822824761
"1462","C",33.4588082041591,689.863976789638
"1463","B",551.014398923144,777.002771152183
"1464","A",335.550585063174,142.769566737115
"1465","B",408.715395722538,867.774190614
"1466","A",370.055994251743,795.013481751084
"1467","C",469.224826199934,522.257836768404
"1468","C",125.309459166601,648.013909580186
"1469","C",306.464443914592,11.3268771674484
"1470","B",744.161895476282,28.835033532232
"1471","B",953.216345515102,497.571292798966
"1472","C",883.222614880651,975.238303421065
"1473","D",945.825957227498,829.726033844054
"1474","B",230.190453352407,533.663792070001
"1475","B",819.307278376073,165.137420408428
"1476","D",748.620514525101,286.905026761815
"1477","B",797.88454528898,291.824818588793
"1478","C",316.924293758348,974.817445268854
"1479","B",783.018167130649,682.100273901597
"1480","C",297.406719066203,651.115204906091
"1481","B",100.782208843157,445.026340195909
"1482","D",889.116909820586,700.311148306355
"1483","A",866.142586804926,762.160467682406
"1484","C",123.32208105363,440.822996199131
"1485","C",253.615946043283,270.232708426192
"1486","B",743.809803156182,325.968533055857
"1487","D",694.617334753275,82.6698646415025
"1488","B",180.516842752695,701.654689153656
"1489","B",755.991770420223,320.631655631587
"1490","D",481.629230082035,863.015782553703
"1491","B",472.198534524068,496.269757859409
"1492","D",629.854740109295,70.9847982507199
"1493","B",896.808799589053,51.5454411506653
"1494","D",551.07156233862,981.222567846999
"1495","A",406.055923551321,745.593317318708
"1496","B",53.3967930823565,875.034430995584
"1497","A",188.224896322936,959.61479912512
"1498","A",469.7988871485,152.686113491654
"1499","B",880.497276550159,408.480038400739
"1500","C",82.2570682503283,288.438750198111
"1501","D",816.425220808014,693.711120635271
"1502","C",254.18389053084,32.0679051801562
"1503","B",677.928392775357,314.421517541632
"1504","B",248.043672414497,467.904904391617
"1505","A",435.181111795828,227.220798609778
"1506","D",518.458660924807,28.4724130760878
"1507","B",870.240964461118,27.9256873764098
"1508","B",918.792895274237,242.025412386283
"1509","D",193.03787057288,127.986683044583
"1510","A",33.4510097745806,116.22236086987
"1511","C",184.7858002875,248.922219267115
"1512","A",507.248551817611,111.065793083981
"1513","D",396.10395510681,895.797896431759
"1514","B",904.657368781045,622.074973070994
"1515","B",816.261579981074,5.56694762781262
"1516","B",553.440492833033,209.752609720454
"1517","A",12.9151928704232,47.7969932835549
"1518","B",122.015517903492,554.100426146761
"1519","D",37.951028207317,579.966879915446
"1520","C",579.223185777664,153.266858775169
"1521","C",370.832545915619,115.017734700814
"1522","B",423.760486766696,463.641273090616
"1523","A",46.3786418549716,935.963272117078
"1524","C",676.650856155902,914.573243353516
"1525","A",651.434640400112,846.018186071888
"1526","A",222.762256627902,874.226290965453
"1527","B",125.18465728499,751.558600226417
"1528","C",617.07999301143,690.190156223252
"1529","C",165.497980779037,202.242892468348
"1530","A",625.903826439753,650.724297855049
"1531","D",627.741714939475,444.027786841616
"1532","B",430.98679697141,948.897115653381
"1533","A",162.132138386369,305.744091980159
"1534","B",321.630660444498,504.699386889115
"1535","D",982.241509947926,486.769261071458
"1536","A",513.136038556695,100.506076589227
"1537","B",187.812082935125,500.171775696799
"1538","B",243.941507302225,611.65923718363
"1539","A",743.308262433857,772.580206627026
"1540","D",853.849925333634,717.356147710234
"1541","B",250.654536066577,646.233896259218
"1542","B",223.647293634713,207.701657433063
"1543","B",915.070035494864,626.812789589167
"1544","A",389.624888310209,4.47748810984194
"1545","A",175.836370326579,547.70472785458
"1546","A",300.750957801938,388.069237815216
"1547","A",182.088335044682,162.693411577493
"1548","C",38.276792736724,408.894299529493
"1549","B",725.573546020314,109.977603657171
"1550","B",62.2517801821232,599.493301706389
"1551","B",961.942919297144,976.106266723946
"1552","D",225.34440876916,127.082051243633
"1553","D",767.58946524933,61.9654008187354
"1554","D",906.981665408239,575.396551052108
"1555","C",318.039408186451,134.390485472977
"1556","B",498.047563945875,101.471489528194
"1557","D",864.597592502832,165.389047702774
"1558","D",380.760505096987,890.40064625442
"1559","C",12.8897000104189,731.433692155406
"1560","A",379.141504643485,937.278667464852
"1561","B",767.858026083559,451.406677952036
"1562","A",471.259457990527,658.566317753866
"1563","A",697.202086448669,505.063474178314
"1564","D",728.695687605068,272.336514201015
"1565","C",609.631977276877,598.660212708637
"1566","D",953.090510331094,679.36191172339
"1567","A",632.414782419801,602.973173139617
"1568","C",101.399683626369,16.238427022472
"1569","B",377.931415801868,366.203868295997
"1570","B",170.990857062861,959.543528268114
"1571","B",43.1880480609834,517.100853146985
"1572","B",948.372674407437,354.513441445306
"1573","D",996.358864707872,103.438935242593
"1574","C",408.346124691889,684.738359879702
"1575","C",293.613251065835,559.48014324531
"1576","B",777.3594239261,616.490110754967
"1577","B",185.602395562455,459.037532564253
"1578","B",210.550640011206,822.230461519212
"1579","D",706.165252719074,606.612486997619
"1580","C",339.898293372244,602.022936800495
"1581","A",733.887712238356,504.911984317005
"1582","C",910.085305804387,438.058105064556
"1583","C",550.119600258768,549.800554756075
"1584","C",141.976376762614,853.394113015383
"1585","D",772.790353745222,281.680485233665
"1586","C",628.35358409211,156.432400690392
"1587","C",367.196165025234,850.123334210366
"1588","C",373.738689813763,15.1654600631446
"1589","A",445.166988996789,981.322018895298
"1590","D",982.470762683079,794.303888687864
"1591","B",668.570965295658,580.595509614795
"1592","B",818.348715780303,2.56074965000153
"1593","D",40.0557245593518,649.546398548409
"1594","A",11.2359861377627,345.147551503032
"1595","B",719.198682811111,23.2576089911163
"1596","A",724.503283621743,824.559667380527
"1597","D",28.8147300016135,563.432247145101
"1598","B",386.128703365102,705.867772223428
"1599","B",914.620391791686,574.939893791452
"1600","C",171.880399575457,778.937132563442
"1601","D",688.903943868354,962.431397056207
"1602","D",845.4393313732,575.580144068226
"1603","A",727.896016091108,803.387196036056
"1604","A",472.643503453583,132.47823016718
"1605","B",26.8293002154678,588.705916889012
"1606","A",410.7090679463,272.948865778744
"1607","D",747.050738893449,170.302416197956
"1608","B",256.55182893388,625.816160114482
"1609","B",847.505072830245,210.73667681776
"1610","D",459.479964338243,310.611605411395
"1611","B",822.361927246675,30.4675418883562
"1612","B",386.157205328345,657.601296436042
"1613","D",846.818806603551,454.996718326584
"1614","A",661.397898104042,801.469224272296
"1615","B",663.751885062084,962.388258194551
"1616","A",597.638766281307,608.711301814765
"1617","A",786.576606100425,986.110416939482
"1618","C",501.811966532841,402.245992794633
"1619","C",399.382400326431,574.633950134739
"1620","B",592.562772333622,168.192655080929
"1621","C",632.281546713784,908.389950171113
"1622","B",276.603806996718,539.436131017283
"1623","B",579.304866259918,238.831726135686
"1624","C",150.980657432228,832.596507156268
"1625","A",425.938260275871,200.077943503857
"1626","C",333.423533476889,805.745029356331
"1627","C",0.706085935235023,472.87245746702
"1628","C",547.355937305838,841.374317649752
"1629","D",367.241343716159,279.634855221957
"1630","C",855.206481646746,286.601886153221
"1631","D",762.031186372042,188.658949686214
"1632","C",105.280813761055,222.277107415721
"1633","A",503.113891929388,46.8459550756961
"1634","B",424.740286776796,473.512812750414
"1635","D",85.6500251684338,185.906284954399
"1636","A",204.452072503045,119.522475637496
"1637","B",561.873786151409,746.044859522954
"1638","B",203.948661452159,559.886606410146
"1639","A",252.056809375063,199.165457626805
"1640","B",634.784246562049,493.703714339063
"1641","A",323.180548846722,239.448137814179
"1642","C",225.357458693907,676.864237524569
"1643","B",381.912951124832,17.9417282342911
"1644","D",684.244489530101,285.451360046864
"1645","A",178.955044597387,299.665080150589
"1646","B",67.1351940836757,644.2110768985
"1647","C",687.701201532036,578.544876072556
"1648","D",697.487172205001,684.869475197047
"1649","B",619.772527599707,187.161435373127
"1650","D",679.659265093505,484.390863217413
"1651","C",264.58585052751,817.37702852115
"1652","A",219.271894078702,192.061432870105
"1653","D",782.749475212768,279.778887750581
"1654","B",533.054034458473,146.404499420896
"1655","B",22.1579202916473,992.837897501886
"1656","D",903.210587566718,496.833879966289
"1657","C",749.761933460832,583.280054852366
"1658","D",822.893636068329,649.646594189107
"1659","B",175.925244111568,732.066379394382
"1660","C",566.838171798736,270.728678209707
"1661","A",484.750929055735,19.1580397076905
"1662","B",594.932909589261,128.817317541689
"1663","B",936.48448237218,833.631478948519
"1664","C",159.801938803867,263.4823450353
"1665","D",743.449714034796,250.851744320244
"1666","D",949.790040729567,347.835454158485
"1667","A",277.290631318465,837.311777053401
"1668","B",859.881845768541,331.980832386762
"1669","D",978.387979790568,771.134666865692
"1670","C",13.6127795558423,687.515411758795
"1671","D",164.582273457199,754.92214015685
"1672","C",697.949146619067,375.399552751333
"1673","B",272.371113533154,720.510465092957
"1674","D",17.7003457210958,660.621541086584
"1675","D",927.812197012827,36.4560612943023
"1676","C",690.454842057079,368.385900277644
"1677","A",602.451866026968,545.508692041039
"1678","C",481.49443580769,347.479317104444
"1679","D",673.513853456825,611.697474494576
"1680","B",70.4118735156953,627.620295854285
"1681","A",294.748643413186,118.974952725694
"1682","A",241.541334893554,326.986712636426
"1683","D",381.970515009016,21.0034640040249
"1684","C",462.607587687671,111.308698542416
"1685","B",750.036581186578,504.424883984029
"1686","C",82.3091240599751,815.782417077571
"1687","D",827.285733772442,175.16250628978
"1688","C",190.031376201659,657.578593119979
"1689","C",257.729784818366,516.220628749579
"1690","C",0.937675358727574,379.960944643244
"1691","C",245.719587663189,421.803699806333
"1692","B",599.371632561088,265.920194564387
"1693","C",451.580682769418,44.9109594337642
"1694","A",829.114875989035,917.945968918502
"1695","A",619.167552795261,904.951454605907
"1696","B",351.941531291232,983.371131820604
"1697","C",359.07440748997,14.3194356933236
"1698","C",724.127287045121,787.520512007177
"1699","B",930.424228776246,306.580760516226
"1700","D",755.557663971558,90.934180887416
"1701","B",182.267464930192,966.29326720722
"1702","C",440.283346688375,731.291296193376
"1703","D",38.4853519499302,658.18208293058
"1704","C",871.198831358925,829.99652880244
"1705","B",612.901168875396,960.771471029148
"1706","A",275.486304191872,170.010038418695
"1707","C",68.7432149425149,794.30530173704
"1708","A",118.779728421941,344.230110757053
"1709","D",570.454939734191,203.494578134269
"1710","D",992.316901450977,750.138074392453
"1711","A",614.928555907682,547.739166300744
"1712","C",418.090188642964,641.561817144975
"1713","B",61.6578056942672,390.654821880162
"1714","D",387.186476029456,988.864390878007
"1715","A",640.376492403448,765.182847157121
"1716","D",399.411113699898,950.484696542844
"1717","B",184.482919750735,558.961578877643
"1718","D",811.169007560238,499.575831927359
"1719","D",192.876922665164,210.643005091697
"1720","C",192.100431071594,356.06509516947
"1721","C",142.661316087469,568.446259945631
"1722","A",412.091249134392,149.456833023578
"1723","C",94.4100168999285,784.862032858655
"1724","D",599.739901255816,108.901888132095
"1725","C",879.072574200109,215.619880706072
"1726","D",727.097505005077,87.7896107267588
"1727","B",348.93745998852,480.188950896263
"1728","C",707.62134087272,521.057644626126
"1729","C",88.3523388765752,34.0672300662845
"1730","C",65.6892599072307,267.10411394015
"1731","C",686.22162938118,806.970301549882
"1732","C",362.93907626532,797.53252142109
"1733","C",466.042455285788,816.268111811951
"1734","C",696.870598709211,390.95206419006
"1735","D",956.934237852693,378.937976900488
"1736","C",346.540019614622,212.746345205233
"1737","C",171.347361057997,810.706406133249
"1738","C",259.883808670565,281.439741607755
"1739","D",943.38069180958,172.988686710596
"1740","A",835.836943006143,658.499812008813
"1741","B",780.386151047423,110.860138898715
"1742","B",455.842003691941,446.705465437844
"1743","A",755.793798249215,986.824843799695
"1744","C",155.942443758249,239.503713790327
"1745","C",0.71999873034656,949.981338577345
"1746","A",23.8103792071342,642.008125782013
"1747","C",473.845349624753,577.664383687079
"1748","A",36.3974955398589,100.895678624511
"1749","B",498.362303711474,940.152270253748
"1750","C",405.159333255142,474.687803070992
"1751","D",940.865979529917,90.3008012101054
"1752","B",307.987535372376,300.014195498079
"1753","B",494.182479334995,411.810287507251
"1754","D",990.159573033452,512.235947884619
"1755","D",546.494508162141,442.933329381049
"1756","B",514.625013805926,373.470206512138
"1757","A",398.32272962667,352.956412825733
"1758","C",793.955437140539,391.878385096788
"1759","B",377.552086254582,401.66594623588
"1760","B",116.403453052044,791.498390259221
"1761","B",350.473581114784,646.752654341981
"1762","A",290.091118775308,129.47738613002
"1763","A",21.1097411811352,98.3486571349204
"1764","A",791.725767543539,999.492374714464
"1765","D",674.680842086673,892.519038636237
"1766","B",714.125703088939,230.541988741606
"1767","D",660.282596945763,268.924446543679
"1768","D",318.753239233047,882.690930971876
"1769","A",623.391254572198,727.582645835355
"1770","A",87.8743145149201,798.026578268036
"1771","D",650.097923586145,510.050746612251
"1772","B",222.856171661988,274.160566041246
"1773","B",924.157517030835,808.314235880971
"1774","B",870.163811836392,422.444920986891
"1775","A",293.653141474351,198.497154051438
"1776","D",615.632366389036,393.827360123396
"1777","B",301.986396545544,993.533399421722
"1778","B",992.706535384059,676.88534152694
"1779","B",141.446714755148,413.145271595567
"1780","A",33.6431791074574,238.521313527599
"1781","B",742.981403833255,95.1487417332828
"1782","D",734.424251364544,31.5575702115893
"1783","A",793.325574835762,882.900884374976
"1784","B",705.540171125904,355.402034707367
"1785","D",263.560372870415,44.7429651394486
"1786","C",214.234637329355,310.880120843649
"1787","A",240.944266552106,384.733458980918
"1788","C",121.273769065738,196.739645209163
"1789","D",965.162226930261,658.984216395766
"1790","C",261.498083593324,492.328641470522
"1791","A",812.507898779586,840.964698698372
"1792","D",356.558129191399,962.309369351715
"1793","C",201.269028941169,410.401892382652
"1794","C",873.685994418338,838.982764165848
"1795","B",206.961727235466,183.198078302667
"1796","B",450.427655829117,68.014596356079
"1797","C",852.321234531701,363.602742552757
"1798","C",472.452803747728,894.492351450026
"1799","A",268.751283641905,940.833804663271
"1800","B",683.334974804893,929.028193233535
"1801","B",782.942821504548,694.066569907591
"1802","B",56.6273499280214,999.43245574832
"1803","C",324.204490287229,728.483527898788
"1804","D",607.428193558007,236.816920572892
"1805","B",84.1465981211513,995.08930137381
"1806","B",591.904810629785,796.218031318858
"1807","C",832.450379850343,274.920367402956
"1808","A",379.892672412097,409.776520682499
"1809","A",408.04236754775,412.903718883172
"1810","C",297.844897489995,799.159843474627
"1811","D",968.347193673253,214.712177868932
"1812","C",168.039507931098,859.106268268079
"1813","A",223.781207576394,947.236030595377
"1814","B",823.826717678457,379.851880948991
"1815","A",825.419544707984,992.586835287511
"1816","C",340.669622179121,960.613812552765
"1817","B",695.822717621922,599.755693459883
"1818","A",857.729680370539,756.925248540938
"1819","C",750.289207790047,397.707463474944
"1820","B",154.187393840402,417.198056122288
"1821","B",739.067951450124,108.471944229677
"1822","C",333.18111137487,47.4187009967864
"1823","C",464.531223056838,721.777544124052
"1824","C",781.799116404727,374.041008297354
"1825","B",855.517482385039,811.646065907553
"1826","B",42.5612153485417,398.041444597766
"1827","B",464.442170225084,75.0187856610864
"1828","A",363.17984899506,399.276003940031
"1829","C",36.4707058761269,912.298873998225
"1830","B",142.409765161574,630.050713196397
"1831","C",181.357267312706,358.032327145338
"1832","A",203.129689674824,352.642975049093
"1833","A",497.748088324443,741.453673457727
"1834","D",159.314023563638,95.5762146040797
"1835","C",787.155197234824,823.272731387988
"1836","D",701.377600897104,966.776891611516
"1837","C",288.388546090573,280.272779986262
"1838","B",989.563491893932,253.780198050663
"1839","B",940.127505687997,308.886296348646
"1840","A",460.470776772127,320.758294546977
"1841","B",293.928686762229,635.397299425676
"1842","C",324.31296701543,160.197659628466
"1843","B",426.950807217509,589.696896029636
"1844","B",262.366452021524,524.190306197852
"1845","C",458.163664443418,165.650299983099
"1846","B",825.196873862296,847.275052219629
"1847","D",39.5780024118721,535.632554907352
"1848","C",397.003923077136,796.76966695115
"1849","C",690.279220463708,920.01223564148
"1850","D",241.01416952908,878.325812285766
"1851","D",711.280684685335,73.4274140559137
"1852","B",778.735189465806,123.86019830592
"1853","C",260.97793574445,956.900120479986
"1854","A",56.8390011321753,132.580142468214
"1855","D",287.766029825434,267.13659032248
"1856","D",960.692496271804,860.691027948633
"1857","B",573.543144622818,797.095149988309
"1858","D",912.845378508791,489.451578818262
"1859","C",804.537505377084,232.726919930428
"1860","A",277.887193718925,472.694605588913
"1861","C",270.85188543424,844.137463485822
"1862","B",566.300292266533,171.764181228355
"1863","D",548.060208791867,85.6097533833236
"1864","B",115.909427870065,781.837850110605
"1865","A",248.450627317652,430.130408145487
"1866","A",303.988385014236,767.751440638676
"1867","A",606.643218081445,50.7460928056389
"1868","D",391.2470752839,510.727090993896
"1869","C",758.470420259982,853.543907403946
"1870","D",989.534943597391,543.194559635594
"1871","B",550.898861372843,323.534134309739
"1872","C",636.731925187632,783.399358857423
"1873","B",454.716111300513,506.28602784127
"1874","B",984.237029915676,127.235578838736
"1875","D",583.820304600522,145.143579691648
"1876","B",895.507814362645,463.228763779625
"1877","C",455.733406590298,516.274882014841
"1878","A",263.107975712046,87.5012427568436
"1879","D",205.09167551063,162.902405718341
"1880","B",226.155854295939,836.650557117537
"1881","D",8.03113100118935,645.814288873225
"1882","A",327.095254790038,935.452550183982
"1883","D",194.480816135183,154.633355792612
"1884","D",361.179505242035,424.190623918548
"1885","A",515.311302151531,572.972239460796
"1886","C",383.548643905669,250.648514600471
"1887","B",941.371090244502,292.10538463667
"1888","B",697.106457315385,608.283171895891
"1889","A",544.591335579753,917.383154621348
"1890","B",653.534320183098,109.56459841691
"1891","A",502.162771997973,281.287304591388
"1892","D",923.922256566584,654.406572459266
"1893","A",777.779133059084,972.210263833404
"1894","B",502.798361936584,163.743159268051
"1895","A",14.694299781695,0.526684336364269
"1896","C",934.297859901562,793.132648570463
"1897","C",753.320126561448,288.158908486366
"1898","A",776.475845137611,880.143095972016
"1899","B",986.889597494155,7.05452356487513
"1900","C",42.2473042272031,929.925142787397
"1901","C",614.401854807511,834.237159695476
"1902","B",394.85840476118,331.668238388374
"1903","A",281.600359594449,466.529875993729
"1904","A",439.830429852009,401.949264807627
"1905","D",109.530708519742,204.35015228577
"1906","A",111.853922950104,783.64233719185
"1907","B",128.095370251685,752.76075815782
"1908","B",864.202150143683,712.116327602416
"1909","C",408.61843037419,866.440496174619
"1910","B",760.498519986868,708.577263867483
"1911","C",145.760212559253,63.1678481586277
"1912","A",684.228181373328,791.700452566147
"1913","B",114.174123387784,508.922912646085
"1914","B",87.4213909264654,576.077684294432
"1915","D",965.766627108678,699.350784299895
"1916","B",660.468870773911,967.600776813924
"1917","A",575.516219716519,878.610216779634
"1918","C",297.001947648823,65.0905023794621
"1919","D",924.601614940912,337.652608985081
"1920","C",86.3366494886577,616.340286564082
"1921","D",951.133857946843,318.940612487495
"1922","B",408.307186095044,534.422053722665
"1923","B",650.533732958138,136.518672574311
"1924","C",341.724505648017,721.032302128151
"1925","B",409.904593601823,463.821472134441
"1926","D",607.018483802676,289.161689113826
"1927","C",270.485567860305,428.116529248655
"1928","D",790.255318395793,643.136635189876
"1929","C",238.532298244536,257.875909563154
"1930","D",934.677199460566,7.107860641554
"1931","D",782.59426006116,629.879047628492
"1932","C",166.631001280621,25.5949990823865
"1933","D",914.838592754677,403.322560945526
"1934","D",876.728679286316,507.300566183403
"1935","C",507.968121673912,990.340174874291
"1936","C",776.351272361353,2.12956313043833
"1937","D",381.424416322261,254.109638510272
"1938","A",398.767670616508,276.509921532124
"1939","D",994.728398742154,196.793676819652
"1940","B",960.157092427835,264.977203914896
"1941","A",667.592165991664,548.923735506833
"1942","D",993.277623783797,811.00006471388
"1943","D",845.769342035055,806.566710351035
"1944","A",103.516107192263,14.8604046553373
"1945","C",45.5958636011928,178.503297735006
"1946","A",226.1983146891,14.2696765251458
"1947","A",31.4941294491291,359.317764872685
"1948","A",762.191635556519,977.815642254427
"1949","C",880.576660623774,221.112164668739
"1950","B",794.696780620143,660.205334657803
"1951","B",209.081801120192,370.75800052844
"1952","D",532.896017190069,404.219459276646
"1953","C",91.6299626696855,895.793775329366
"1954","C",152.797762537375,369.61729452014
"1955","C",864.264901028946,234.850321663544
"1956","B",733.471067156643,145.481665385887
"1957","B",723.964972421527,383.646467700601
"1958","C",917.036015773192,626.928813988343
"1959","B",779.185117222369,603.980829473585
"1960","B",929.178041173145,847.275713458657
"1961","D",626.81896542199,113.454297184944
"1962","C",446.860236115754,941.17390899919
"1963","C",509.093962842599,336.830539861694
"1964","B",486.845374573022,544.908463954926
"1965","B",951.309069758281,557.638190686703
"1966","B",489.260944770649,408.446033019572
"1967","C",753.964489325881,759.95788234286
"1968","D",159.386920742691,113.582955906168
"1969","A",819.580354960635,629.105283645913
"1970","C",232.452577678487,911.993391346186
"1971","A",638.919960707426,623.790641315281
"1972","A",254.134753951803,193.683035671711
"1973","D",285.517850657925,112.667615525424
"1974","B",791.558067081496,246.020801598206
"1975","C",271.460406947881,640.880488557741
"1976","C",29.5978710055351,499.381084693596
"1977","A",200.085972435772,449.53540712595
"1978","C",565.807882929221,737.102281535044
"1979","A",159.820727538317,968.865173170343
"1980","A",730.538718868047,942.434595199302
"1981","B",95.6019293516874,730.251479428262
"1982","B",298.320764442906,528.974873479456
"1983","A",542.183790355921,654.320233734325
"1984","B",939.596018521115,575.728430878371
"1985","D",802.439733175561,29.7953069675714
"1986","C",451.645656256005,494.506243150681
"1987","B",935.815291013569,230.643394868821
"1988","B",849.596860818565,992.259024409577
"1989","D",920.823177322745,608.899048529565
"1990","A",354.38399692066,850.668095750734
"1991","C",214.686463819817,539.562519872561
"1992","A",0.491180457174778,334.116813959554
"1993","D",364.416791358963,851.261171512306
"1994","B",748.815543483943,857.211308088154
"1995","C",609.67175103724,396.642341976985
"1996","B",747.783863684162,320.741205010563
"1997","C",338.232040172443,260.316974017769
"1998","C",969.203599262983,967.674981802702
"1999","C",137.426187517121,21.4592290576547
"2000","D",933.205225272104,873.817068757489
